Month, Av Temp,hourly ,temperature
1,5.3,,5.243
2,3.1,,4.663
3,4.9,,4.525
4,9.5,,4.789
5,12.9,,4.79
6,15.9,,4.62
7,18.7,,4.542
8,16.7,,4.45
9,13.8,,4.276
10,10.7,,4.686
11,8.2,,5.34
12,6.8,,5.907
,,,6.279
,,,6.439
,,,6.218
,,,5.543
,,,5.082
,,,5.282
,,,5.558
,,,5.912
,,,5.867
,,,5.229
,,,4.471
,,,3.954
,,,4.041
,,,4.104
,,,3.535
,,,2.858
,,,2.502
,,,2.712
,,,2.744
,,,2.823
,,,3.133
,,,3.912
,,,5.072
,,,6.059
,,,7.002
,,,7.99
,,,8.988
,,,8.94
,,,8.211
,,,7.587
,,,7.357
,,,7.785
,,,8.631
,,,9.857
,,,11.305
,,,10.986
,,,8.516
,,,6.968
,,,6.418
,,,6.062
,,,5.837
,,,5.923
,,,6.128
,,,6.397
,,,6.589
,,,7.059
,,,7.668
,,,8.147
,,,8.269
,,,8.095
,,,7.741
,,,7.208
,,,6.866
,,,6.7
,,,6.405
,,,6.118
,,,5.798
,,,5.518
,,,5.447
,,,4.892
,,,4.303
,,,4.556
,,,4.838
,,,5.016
,,,4.959
,,,4.938
,,,5.284
,,,6.048
,,,8.172
,,,10.258
,,,10.882
,,,10.725
,,,10.292
,,,9.37
,,,8.298
,,,7.413
,,,6.59
,,,5.846
,,,5.379
,,,5.106
,,,4.914
,,,4.469
,,,3.587
,,,3.238
,,,3.315
,,,3.538
,,,3.961
,,,4.631
,,,5.196
,,,5.238
,,,4.536
,,,3.811
,,,3.757
,,,4.375
,,,5.137
,,,5.825
,,,6.306
,,,6.358
,,,5.944
,,,5.146
,,,4.215
,,,3.532
,,,3.028
,,,2.795
,,,2.863
,,,2.969
,,,2.878
,,,2.656
,,,2.376
,,,2.051
,,,1.732
,,,1.542
,,,1.294
,,,1.143
,,,1.116
,,,1.037
,,,0.992
,,,1.329
,,,1.958
,,,2.747
,,,3.469
,,,3.986
,,,4.209
,,,3.968
,,,3.362
,,,2.727
,,,2.278
,,,1.774
,,,1.213
,,,0.769
,,,0.34
,,,-0.087
,,,-0.473
,,,-0.578
,,,-0.667
,,,-0.895
,,,-1.087
,,,-1.124
,,,-0.977
,,,-0.638
,,,-0.003
,,,0.663
,,,1.677
,,,2.845
,,,3.505
,,,3.63
,,,3.225
,,,2.042
,,,0.652
,,,-0.374
,,,-1.087
,,,-1.542
,,,-1.83
,,,-2.047
,,,-2.219
,,,-2.304
,,,-2.359
,,,-2.441
,,,-2.446
,,,-2.248
,,,-1.911
,,,-1.471
,,,-1.164
,,,-0.777
,,,-0.337
,,,0.423
,,,1.316
,,,2.303
,,,3.028
,,,3.261
,,,3.083
,,,2.484
,,,2.142
,,,2.08
,,,1.931
,,,1.731
,,,1.594
,,,1.679
,,,1.726
,,,1.69
,,,1.629
,,,1.638
,,,1.686
,,,1.697
,,,1.796
,,,1.908
,,,2.133
,,,2.422
,,,2.748
,,,3.238
,,,3.707
,,,4.197
,,,4.554
,,,4.756
,,,4.687
,,,4.406
,,,4.249
,,,4.464
,,,4.836
,,,5.138
,,,5.543
,,,5.941
,,,6.322
,,,6.588
,,,6.636
,,,6.57
,,,6.469
,,,6.315
,,,6.22
,,,6.149
,,,5.727
,,,5.044
,,,4.562
,,,4.948
,,,5.643
,,,6.28
,,,6.766
,,,7.056
,,,6.817
,,,5.831
,,,5.118
,,,5.122
,,,5.18
,,,5.119
,,,4.941
,,,4.696
,,,4.459
,,,4.119
,,,3.697
,,,3.586
,,,3.676
,,,3.51
,,,3.586
,,,3.594
,,,3.525
,,,3.605
,,,3.715
,,,4.106
,,,4.674
,,,5.288
,,,5.633
,,,5.633
,,,5.494
,,,5.216
,,,4.817
,,,4.602
,,,4.387
,,,4.005
,,,3.682
,,,3.491
,,,3.418
,,,3.448
,,,3.429
,,,3.517
,,,3.572
,,,3.628
,,,3.558
,,,3.4
,,,3.383
,,,3.353
,,,3.745
,,,4.726
,,,5.384
,,,5.794
,,,6.086
,,,6.328
,,,6.226
,,,5.557
,,,5.153
,,,5.312
,,,5.232
,,,5.152
,,,4.973
,,,4.716
,,,4.417
,,,4.009
,,,3.758
,,,3.61
,,,3.538
,,,3.604
,,,3.616
,,,3.679
,,,3.758
,,,3.877
,,,4.116
,,,4.707
,,,5.44
,,,6.039
,,,6.41
,,,6.554
,,,6.439
,,,5.958
,,,5.329
,,,4.878
,,,4.512
,,,4.238
,,,4.017
,,,3.753
,,,3.428
,,,3.056
,,,2.711
,,,2.414
,,,2.025
,,,1.689
,,,1.519
,,,1.341
,,,1.319
,,,1.173
,,,1.453
,,,2.893
,,,4.027
,,,4.732
,,,4.905
,,,4.926
,,,4.488
,,,2.685
,,,0.843
,,,0.422
,,,0.578
,,,1.189
,,,1.946
,,,2.586
,,,3.135
,,,3.558
,,,3.88
,,,4.237
,,,4.661
,,,5.131
,,,5.569
,,,5.945
,,,6.649
,,,7.438
,,,8.065
,,,8.762
,,,9.441
,,,9.844
,,,9.691
,,,9.157
,,,8.449
,,,7.646
,,,6.887
,,,6.368
,,,5.757
,,,5.101
,,,4.525
,,,4.321
,,,4.26
,,,4.317
,,,4.492
,,,4.623
,,,4.583
,,,4.399
,,,4.022
,,,3.588
,,,3.318
,,,3.179
,,,3.221
,,,3.715
,,,4.329
,,,4.754
,,,4.86
,,,4.584
,,,4.137
,,,3.503
,,,2.891
,,,2.584
,,,2.308
,,,2.186
,,,2.096
,,,1.882
,,,1.657
,,,1.514
,,,1.437
,,,1.534
,,,1.543
,,,1.395
,,,1.788
,,,2.235
,,,2.34
,,,2.292
,,,2.427
,,,3.214
,,,4.18
,,,4.879
,,,5.293
,,,5.399
,,,5.07
,,,4.268
,,,3.435
,,,3.254
,,,3.217
,,,3.292
,,,3.341
,,,3.554
,,,3.942
,,,4.742
,,,7.301
,,,9.092
,,,9.894
,,,9.422
,,,7.885
,,,6.331
,,,4.897
,,,4.067
,,,3.899
,,,4.666
,,,5.728
,,,6.343
,,,6.43
,,,6.139
,,,5.683
,,,5.003
,,,4.239
,,,3.755
,,,3.327
,,,2.79
,,,2.183
,,,1.674
,,,1.311
,,,1.17
,,,1.165
,,,1.219
,,,1.165
,,,0.926
,,,0.844
,,,0.744
,,,0.825
,,,0.889
,,,0.933
,,,1.901
,,,3.23
,,,4.452
,,,5.01
,,,4.774
,,,4.232
,,,3.628
,,,2.98
,,,2.537
,,,2.18
,,,1.725
,,,1.374
,,,1.252
,,,1.116
,,,0.958
,,,1.023
,,,1.165
,,,1.459
,,,1.624
,,,1.695
,,,1.644
,,,1.846
,,,2.238
,,,2.669
,,,3.022
,,,2.991
,,,3.098
,,,3.234
,,,3.153
,,,3.015
,,,2.398
,,,1.47
,,,0.528
,,,0.185
,,,0.111
,,,0.121
,,,0.262
,,,0.253
,,,0.455
,,,0.426
,,,0.232
,,,-0.017
,,,-0.174
,,,-0.151
,,,-0.271
,,,-0.849
,,,-0.898
,,,0.01
,,,0.594
,,,0.785
,,,1.006
,,,1.322
,,,1.651
,,,2.132
,,,3.146
,,,5.122
,,,6.337
,,,6.743
,,,6.881
,,,7.518
,,,7.903
,,,7.775
,,,7.276
,,,6.577
,,,5.972
,,,5.411
,,,5.242
,,,5.088
,,,4.659
,,,4.362
,,,4.367
,,,4.461
,,,4.991
,,,6.098
,,,7.267
,,,8.029
,,,8.293
,,,7.986
,,,6.797
,,,4.491
,,,3.806
,,,4.175
,,,4.435
,,,4.034
,,,4.336
,,,4.451
,,,4.308
,,,4.133
,,,4.253
,,,4.868
,,,5.094
,,,5.491
,,,6.095
,,,6.685
,,,7.457
,,,8.349
,,,9.567
,,,10.432
,,,10.768
,,,11.164
,,,11.719
,,,11.856
,,,11.504
,,,11.116
,,,10.906
,,,10.574
,,,10.144
,,,9.81
,,,9.305
,,,8.598
,,,8.378
,,,8.651
,,,9.452
,,,10.354
,,,10.816
,,,10.895
,,,11.089
,,,11.375
,,,11.618
,,,11.703
,,,11.7
,,,11.138
,,,9.768
,,,7.664
,,,5.883
,,,5.439
,,,5.302
,,,5.101
,,,5.467
,,,6.018
,,,6.284
,,,6.202
,,,6.081
,,,5.836
,,,5.484
,,,5.249
,,,5.11
,,,5.034
,,,5.009
,,,4.981
,,,4.888
,,,4.655
,,,4.484
,,,4.713
,,,5.523
,,,6.43
,,,7.369
,,,7.918
,,,8.11
,,,7.858
,,,6.894
,,,5.392
,,,4.473
,,,4.214
,,,4.274
,,,4.465
,,,4.503
,,,4.174
,,,4.13
,,,4.088
,,,3.934
,,,3.813
,,,3.722
,,,3.774
,,,3.841
,,,3.88
,,,3.924
,,,4.162
,,,4.71
,,,5.463
,,,6.154
,,,6.605
,,,6.806
,,,6.72
,,,5.899
,,,4.662
,,,3.884
,,,2.896
,,,2.572
,,,3.191
,,,3.075
,,,2.238
,,,1.753
,,,1.061
,,,1.17
,,,1.388
,,,1.547
,,,1.88
,,,2.166
,,,2.535
,,,3.013
,,,3.758
,,,4.751
,,,5.652
,,,6.458
,,,7.068
,,,7.764
,,,8.389
,,,8.722
,,,8.947
,,,8.947
,,,8.987
,,,9.129
,,,9.249
,,,9.187
,,,9
,,,8.733
,,,8.405
,,,8.225
,,,8.261
,,,8.23
,,,8.295
,,,8.476
,,,8.654
,,,8.627
,,,8.898
,,,9.623
,,,10.506
,,,11.392
,,,12.09
,,,12.406
,,,12.212
,,,11.674
,,,11.129
,,,10.747
,,,10.421
,,,10.194
,,,9.826
,,,9.621
,,,9.404
,,,8.907
,,,8.52
,,,8.317
,,,8.242
,,,8.289
,,,8.352
,,,8.39
,,,8.381
,,,8.344
,,,8.756
,,,9.366
,,,9.837
,,,10.161
,,,10.238
,,,9.863
,,,9.171
,,,8.027
,,,5.811
,,,4.131
,,,3.209
,,,2.527
,,,1.849
,,,1.188
,,,0.579
,,,0.067
,,,-0.38
,,,-0.64
,,,-0.77
,,,-0.869
,,,-1
,,,-1.033
,,,-0.924
,,,-0.495
,,,0.629
,,,1.192
,,,1.936
,,,3.256
,,,4.786
,,,5.577
,,,5.592
,,,4.398
,,,3.516
,,,4.138
,,,4.737
,,,5.409
,,,6.426
,,,7.623
,,,8.408
,,,8.355
,,,7.726
,,,7.042
,,,6.65
,,,6.544
,,,6.452
,,,6.319
,,,6.185
,,,5.948
,,,5.74
,,,5.751
,,,6.034
,,,6.122
,,,5.67
,,,5.187
,,,4.736
,,,4.074
,,,3.111
,,,2.27
,,,1.793
,,,1.595
,,,1.666
,,,2.154
,,,2.595
,,,2.673
,,,2.473
,,,2.34
,,,2.455
,,,2.628
,,,2.565
,,,1.712
,,,1.166
,,,1.226
,,,1.814
,,,3.145
,,,4.524
,,,5.492
,,,5.895
,,,5.962
,,,5.715
,,,4.993
,,,4.014
,,,3.556
,,,3.342
,,,2.642
,,,1.982
,,,1.622
,,,1.353
,,,1.142
,,,1.076
,,,1.005
,,,0.964
,,,1.085
,,,1.212
,,,1.216
,,,1.118
,,,1.16
,,,1.637
,,,2.75
,,,4.029
,,,5.53
,,,6.371
,,,6.608
,,,6.376
,,,5.2
,,,2.445
,,,1.183
,,,0.506
,,,-0.066
,,,-0.574
,,,-1.059
,,,-0.825
,,,0.093
,,,0.356
,,,0.912
,,,1.175
,,,1.143
,,,1.118
,,,1.079
,,,0.983
,,,1.123
,,,1.574
,,,2.037
,,,2.427
,,,2.806
,,,3.087
,,,3.297
,,,3.378
,,,3.235
,,,2.598
,,,2.165
,,,1.917
,,,1.822
,,,1.748
,,,1.705
,,,1.741
,,,1.764
,,,1.784
,,,1.747
,,,1.77
,,,1.307
,,,0.38
,,,-0.681
,,,-1.408
,,,-1.681
,,,-0.701
,,,0.898
,,,2.487
,,,3.569
,,,4.144
,,,4.287
,,,4.006
,,,3.302
,,,1.769
,,,0.56
,,,-0.032
,,,-0.504
,,,-0.864
,,,-0.83
,,,-0.87
,,,-0.929
,,,-1.108
,,,-1.188
,,,-1.327
,,,-1.538
,,,-1.882
,,,-2.194
,,,-2.39
,,,-2.578
,,,-1.439
,,,0.032
,,,1.692
,,,2.671
,,,3.111
,,,3.25
,,,3.093
,,,2.352
,,,0.433
,,,-0.367
,,,-0.661
,,,-1.17
,,,-1.621
,,,-2.04
,,,-2.607
,,,-2.83
,,,-2.755
,,,-2.552
,,,-2.457
,,,-2.46
,,,-2.52
,,,-2.646
,,,-2.622
,,,-2.362
,,,-1.36
,,,-0.115
,,,1.084
,,,1.663
,,,1.912
,,,1.886
,,,1.642
,,,0.684
,,,-1.511
,,,-1.933
,,,-1.761
,,,-1.778
,,,-1.639
,,,-1.257
,,,-0.734
,,,-0.59
,,,-0.65
,,,-0.839
,,,-1.28
,,,-1.688
,,,-2.035
,,,-2.359
,,,-2.729
,,,-2.894
,,,-2.114
,,,-0.588
,,,1.252
,,,2.557
,,,3.278
,,,3.509
,,,3.122
,,,1.385
,,,-0.483
,,,-0.979
,,,-1.073
,,,-1.438
,,,-2.15
,,,-2.376
,,,-2.33
,,,-2.299
,,,-2.268
,,,-2.393
,,,-2.569
,,,-2.398
,,,-2.151
,,,-1.841
,,,-1.468
,,,-1.06
,,,0.31
,,,1.854
,,,3.223
,,,4.262
,,,4.856
,,,4.988
,,,4.697
,,,4.312
,,,3.925
,,,3.801
,,,3.828
,,,4.163
,,,4.444
,,,4.577
,,,4.653
,,,4.496
,,,4.087
,,,3.649
,,,3.631
,,,3.981
,,,4.333
,,,3.97
,,,2.981
,,,1.802
,,,1.611
,,,2.234
,,,3.17
,,,3.876
,,,4.324
,,,4.509
,,,4.421
,,,3.981
,,,2.929
,,,1.715
,,,0.71
,,,-0.386
,,,-1.021
,,,-1.529
,,,-1.75
,,,-1.895
,,,-1.99
,,,-1.951
,,,-1.699
,,,-1.496
,,,-1.109
,,,-0.665
,,,-0.553
,,,-0.066
,,,1.272
,,,3.085
,,,4.815
,,,6.086
,,,6.564
,,,6.702
,,,6.788
,,,6.959
,,,7.097
,,,7.222
,,,7.425
,,,7.661
,,,7.967
,,,8.431
,,,9.103
,,,8.946
,,,6.988
,,,5.249
,,,4.43
,,,3.836
,,,3.376
,,,2.919
,,,2.336
,,,1.877
,,,2.509
,,,3.569
,,,4.297
,,,4.72
,,,4.845
,,,4.598
,,,3.96
,,,3.212
,,,2.262
,,,1.448
,,,1.053
,,,0.672
,,,0.338
,,,0.111
,,,-0.211
,,,-0.47
,,,-0.65
,,,-1.008
,,,-1.36
,,,-1.65
,,,-1.897
,,,-1.837
,,,-1.776
,,,-1.576
,,,-0.218
,,,1.518
,,,3.509
,,,4.726
,,,5.404
,,,5.585
,,,5.36
,,,4.635
,,,2.908
,,,1.827
,,,1.54
,,,1.157
,,,0.747
,,,0.485
,,,0.446
,,,0.591
,,,0.971
,,,1.354
,,,1.75
,,,1.922
,,,1.95
,,,2.103
,,,2.453
,,,2.891
,,,3.262
,,,3.288
,,,3.254
,,,3.384
,,,3.548
,,,3.529
,,,3.538
,,,3.565
,,,3.013
,,,2.494
,,,1.871
,,,0.844
,,,0.031
,,,-0.629
,,,-1.181
,,,-1.758
,,,-2.206
,,,-2.11
,,,-1.814
,,,-1.682
,,,-2.312
,,,-1.996
,,,-1.832
,,,-1.349
,,,0.024
,,,1.737
,,,3.359
,,,4.441
,,,4.401
,,,3.916
,,,3.446
,,,3.262
,,,3.476
,,,3.787
,,,4.148
,,,4.776
,,,5.498
,,,6.16
,,,6.573
,,,6.58
,,,6.837
,,,6.717
,,,6.122
,,,5.523
,,,5.18
,,,5.103
,,,5.016
,,,4.786
,,,5.171
,,,5.723
,,,6.518
,,,7.25
,,,7.626
,,,7.632
,,,7.262
,,,6.432
,,,4.971
,,,3.544
,,,2.725
,,,2.226
,,,1.734
,,,1.358
,,,1.088
,,,0.795
,,,0.328
,,,-0.203
,,,-0.618
,,,-0.936
,,,-1.07
,,,-1.073
,,,-0.899
,,,-0.345
,,,1.292
,,,2.92
,,,5.23
,,,7.101
,,,7.903
,,,8.141
,,,7.918
,,,7.005
,,,4.694
,,,3.165
,,,2.876
,,,2.787
,,,2.531
,,,2.054
,,,1.679
,,,1.472
,,,1.178
,,,0.276
,,,-0.041
,,,-0.03
,,,0.113
,,,0.559
,,,0.474
,,,0.748
,,,2.283
,,,4.036
,,,6.027
,,,7.4
,,,8.047
,,,8.335
,,,8.206
,,,7.47
,,,5.972
,,,4.633
,,,4.25
,,,3.763
,,,3.099
,,,2.303
,,,1.754
,,,1.664
,,,2.179
,,,2.872
,,,2.956
,,,3.055
,,,2.993
,,,2.941
,,,2.945
,,,3.169
,,,3.746
,,,4.651
,,,5.442
,,,6.212
,,,6.926
,,,7.359
,,,7.333
,,,7.002
,,,6.326
,,,5.773
,,,5.675
,,,5.452
,,,5.279
,,,5.1
,,,5.021
,,,4.927
,,,4.975
,,,4.964
,,,4.969
,,,5.073
,,,5.085
,,,5.176
,,,5.262
,,,5.543
,,,6.357
,,,7.241
,,,8.23
,,,9.329
,,,10.291
,,,10.894
,,,11.034
,,,10.794
,,,9.961
,,,9.123
,,,8.771
,,,8.496
,,,8.234
,,,8.071
,,,7.756
,,,7.567
,,,7.315
,,,7.1
,,,6.85
,,,6.807
,,,6.925
,,,7.064
,,,7.105
,,,6.733
,,,6.373
,,,6.809
,,,7.671
,,,8.526
,,,9.022
,,,9.138
,,,8.921
,,,8.354
,,,7.436
,,,6.525
,,,6.091
,,,5.762
,,,5.547
,,,5.212
,,,4.807
,,,4.458
,,,4.03
,,,3.537
,,,3.095
,,,2.639
,,,2.151
,,,1.762
,,,1.494
,,,1.583
,,,2.337
,,,3.375
,,,4.668
,,,5.9
,,,6.686
,,,7.023
,,,6.91
,,,6.418
,,,4.956
,,,2.901
,,,2.424
,,,2.14
,,,1.858
,,,1.923
,,,1.997
,,,1.805
,,,1.644
,,,1.596
,,,1.445
,,,1.218
,,,0.997
,,,0.542
,,,-0.066
,,,-0.105
,,,0.965
,,,2.252
,,,3.055
,,,3.91
,,,4.603
,,,5.12
,,,5.183
,,,4.687
,,,2.723
,,,-0.183
,,,-1.143
,,,-1.917
,,,-2.619
,,,-3.122
,,,-3.287
,,,-3.288
,,,-3.113
,,,-2.609
,,,-2.279
,,,-2.159
,,,-2.284
,,,-2.419
,,,-2.648
,,,-2.254
,,,-0.874
,,,1.524
,,,2.978
,,,3.838
,,,4.42
,,,4.701
,,,4.545
,,,3.797
,,,2.032
,,,-0.45
,,,-1.29
,,,-1.982
,,,-2.588
,,,-2.995
,,,-3.236
,,,-3.5
,,,-3.61
,,,-3.567
,,,-3.463
,,,-3.471
,,,-3.54
,,,-3.545
,,,-3.575
,,,-3.022
,,,-1.552
,,,0.569
,,,2.196
,,,3.541
,,,4.471
,,,4.872
,,,4.573
,,,3.427
,,,1.545
,,,-0.352
,,,-1.165
,,,-1.291
,,,-1.383
,,,-1.612
,,,-1.889
,,,-2.115
,,,-2.31
,,,-2.535
,,,-2.812
,,,-3.088
,,,-3.241
,,,-3.474
,,,-3.69
,,,-3.166
,,,-1.439
,,,0.629
,,,1.965
,,,3.037
,,,3.806
,,,4.14
,,,3.87
,,,2.954
,,,0.854
,,,-1.998
,,,-2.524
,,,-2.973
,,,-3.334
,,,-3.621
,,,-3.765
,,,-3.488
,,,-2.927
,,,-2.606
,,,-2.713
,,,-2.852
,,,-3.302
,,,-3.629
,,,-3.74
,,,-3.109
,,,-1.706
,,,-0.625
,,,-0.098
,,,0.283
,,,0.637
,,,0.771
,,,0.562
,,,0.183
,,,-0.58
,,,-1.693
,,,-2.077
,,,-2.448
,,,-2.744
,,,-2.972
,,,-2.908
,,,-2.909
,,,-3.003
,,,-3.183
,,,-3.277
,,,-3.433
,,,-3.609
,,,-3.694
,,,-3.698
,,,-3.158
,,,-1.955
,,,-1.081
,,,-0.549
,,,-0.31
,,,-0.152
,,,-0.119
,,,-0.279
,,,-0.648
,,,-1.27
,,,-2.187
,,,-2.532
,,,-2.781
,,,-2.919
,,,-2.975
,,,-2.964
,,,-3.009
,,,-3.321
,,,-3.709
,,,-4.04
,,,-4.287
,,,-4.387
,,,-4.232
,,,-4.01
,,,-3.723
,,,-3.409
,,,-3.004
,,,-2.578
,,,-2.251
,,,-2.062
,,,-2.057
,,,-2.375
,,,-3.061
,,,-3.884
,,,-4.739
,,,-5.374
,,,-5.921
,,,-6.335
,,,-6.465
,,,-6.224
,,,-5.82
,,,-5.631
,,,-5.615
,,,-5.628
,,,-5.549
,,,-5.402
,,,-5.331
,,,-5.281
,,,-5.079
,,,-4.542
,,,-3.914
,,,-3.29
,,,-2.723
,,,-2.428
,,,-2.364
,,,-2.38
,,,-2.499
,,,-2.651
,,,-2.631
,,,-2.373
,,,-2.05
,,,-1.802
,,,-1.788
,,,-1.942
,,,-2.122
,,,-2.279
,,,-2.47
,,,-2.677
,,,-2.764
,,,-2.79
,,,-2.837
,,,-2.935
,,,-2.792
,,,-2.455
,,,-2.148
,,,-1.887
,,,-1.73
,,,-1.645
,,,-1.525
,,,-1.477
,,,-1.568
,,,-1.831
,,,-2.099
,,,-2.112
,,,-1.982
,,,-1.84
,,,-1.757
,,,-1.65
,,,-1.387
,,,-1.14
,,,-0.984
,,,-0.961
,,,-0.77
,,,-0.739
,,,-0.761
,,,-0.705
,,,-0.391
,,,0.28
,,,1.084
,,,1.829
,,,2.651
,,,3.257
,,,3.561
,,,3.547
,,,3.056
,,,2.091
,,,1.096
,,,0.667
,,,0.665
,,,0.714
,,,0.715
,,,0.916
,,,1.118
,,,1.293
,,,1.472
,,,1.628
,,,1.904
,,,2.186
,,,2.404
,,,2.519
,,,2.827
,,,3.464
,,,4.162
,,,5.073
,,,5.821
,,,6.297
,,,6.345
,,,5.707
,,,4.715
,,,3.751
,,,2.897
,,,2.327
,,,1.755
,,,1.383
,,,1.592
,,,2.22
,,,2.766
,,,2.996
,,,3.046
,,,2.498
,,,2.288
,,,1.793
,,,1.302
,,,1.051
,,,1.402
,,,2.49
,,,3.91
,,,5.855
,,,7.685
,,,8.754
,,,9.112
,,,8.839
,,,7.745
,,,6.166
,,,4.888
,,,4.438
,,,4.691
,,,5.031
,,,5.359
,,,5.566
,,,5.404
,,,4.932
,,,4.348
,,,3.852
,,,3.532
,,,3.201
,,,2.703
,,,2.463
,,,3.052
,,,3.841
,,,4.867
,,,5.936
,,,6.996
,,,7.743
,,,8.157
,,,8.211
,,,7.827
,,,6.782
,,,5.141
,,,4.427
,,,4.018
,,,3.676
,,,3.205
,,,2.827
,,,2.864
,,,2.742
,,,2.349
,,,2.229
,,,2.175
,,,2.043
,,,2.025
,,,2.137
,,,2.463
,,,2.778
,,,2.997
,,,3.399
,,,3.908
,,,5.347
,,,7.057
,,,7.856
,,,7.627
,,,6.32
,,,3.906
,,,2.587
,,,2.213
,,,2.276
,,,2.627
,,,2.9
,,,3.193
,,,3.685
,,,4.308
,,,4.029
,,,3.478
,,,3.485
,,,3.53
,,,3.369
,,,3.265
,,,3.63
,,,4.351
,,,5.436
,,,6.558
,,,7.418
,,,7.616
,,,7.413
,,,7.244
,,,6.78
,,,5.44
,,,4.348
,,,3.608
,,,2.694
,,,2.192
,,,1.727
,,,1.645
,,,1.502
,,,1.628
,,,1.877
,,,1.943
,,,1.919
,,,1.759
,,,1.626
,,,2.078
,,,3.183
,,,5.407
,,,7.346
,,,8.624
,,,9.153
,,,8.563
,,,7.529
,,,6.573
,,,5.978
,,,5.615
,,,5.617
,,,5.957
,,,6.586
,,,7.403
,,,8.074
,,,8.362
,,,8.324
,,,8.417
,,,8.381
,,,8.221
,,,7.785
,,,7.406
,,,7.359
,,,7.827
,,,8.7
,,,9.682
,,,10.407
,,,10.863
,,,11.265
,,,11.712
,,,12.059
,,,11.81
,,,10.972
,,,9.637
,,,8.438
,,,7.376
,,,6.353
,,,5.934
,,,5.362
,,,5.235
,,,5.469
,,,5.547
,,,5.472
,,,5.396
,,,5.418
,,,5.383
,,,5.381
,,,5.933
,,,6.912
,,,8.211
,,,9.891
,,,11.437
,,,12.34
,,,12.522
,,,11.878
,,,11.157
,,,10.466
,,,9.503
,,,8.826
,,,8.388
,,,7.962
,,,7.597
,,,7.248
,,,6.929
,,,6.617
,,,6.359
,,,6.079
,,,5.962
,,,6.004
,,,5.984
,,,6.013
,,,6.322
,,,6.866
,,,7.601
,,,8.19
,,,8.399
,,,8.396
,,,8.308
,,,8.202
,,,8.108
,,,7.856
,,,7.28
,,,6.656
,,,6.017
,,,5.326
,,,4.667
,,,4.155
,,,3.838
,,,3.802
,,,3.935
,,,4.044
,,,4.107
,,,4.121
,,,4.201
,,,4.358
,,,4.778
,,,5.641
,,,7.096
,,,8.839
,,,9.799
,,,10.265
,,,10.421
,,,10.487
,,,10.194
,,,9.303
,,,6.664
,,,5.098
,,,4.57
,,,3.783
,,,2.824
,,,2.07
,,,1.615
,,,1.975
,,,2.631
,,,3.117
,,,3.28
,,,3.36
,,,3.432
,,,3.585
,,,4.495
,,,5.986
,,,8.082
,,,9.743
,,,10.428
,,,10.8
,,,10.995
,,,10.825
,,,10.392
,,,9.7
,,,8.825
,,,8.165
,,,7.636
,,,7.142
,,,6.784
,,,6.675
,,,6.565
,,,6.485
,,,6.506
,,,6.533
,,,6.598
,,,6.625
,,,6.593
,,,6.648
,,,7.044
,,,7.74
,,,8.566
,,,9.409
,,,10.506
,,,11.32
,,,11.613
,,,11.474
,,,11.008
,,,10.168
,,,8.305
,,,6.517
,,,5.942
,,,5.858
,,,6.211
,,,6.429
,,,6.251
,,,6.302
,,,6.32
,,,6.293
,,,6.087
,,,5.902
,,,5.622
,,,5.335
,,,5.749
,,,6.695
,,,8.485
,,,10.053
,,,10.998
,,,11.452
,,,11.524
,,,11.365
,,,10.973
,,,10.238
,,,8.119
,,,6.461
,,,5.94
,,,5.547
,,,5.026
,,,4.382
,,,4.17
,,,4.166
,,,3.809
,,,2.828
,,,1.858
,,,1.085
,,,0.456
,,,-0.022
,,,-0.088
,,,0.223
,,,0.645
,,,1.024
,,,1.176
,,,1.136
,,,0.937
,,,0.443
,,,-0.162
,,,-0.906
,,,-1.665
,,,-2.261
,,,-2.452
,,,-2.288
,,,-2.122
,,,-2.111
,,,-2.14
,,,-2.165
,,,-2.196
,,,-2.226
,,,-2.195
,,,-2.086
,,,-1.972
,,,-1.84
,,,-1.401
,,,-0.646
,,,0.024
,,,0.546
,,,0.832
,,,0.892
,,,0.72
,,,0.371
,,,-0.048
,,,-0.542
,,,-1.165
,,,-1.703
,,,-1.977
,,,-2.106
,,,-2.08
,,,-2.051
,,,-2.038
,,,-2.071
,,,-2.153
,,,-2.317
,,,-2.542
,,,-2.959
,,,-3.28
,,,-3.468
,,,-2.528
,,,-0.694
,,,0.454
,,,1.401
,,,2.235
,,,2.838
,,,3.154
,,,3.166
,,,2.877
,,,2.133
,,,0.675
,,,-0.752
,,,-1.49
,,,-2.229
,,,-2.069
,,,-1.474
,,,-0.773
,,,-0.467
,,,-0.447
,,,-0.351
,,,-0.244
,,,-0.221
,,,0.072
,,,0.125
,,,1.006
,,,2.299
,,,3.338
,,,4.297
,,,5.556
,,,6.543
,,,7.145
,,,7.266
,,,6.985
,,,6.252
,,,4.127
,,,2.07
,,,1.446
,,,0.891
,,,0.665
,,,0.491
,,,0.164
,,,-0.505
,,,-1.099
,,,-1.456
,,,-1.25
,,,-0.974
,,,-1.334
,,,-1.369
,,,-0.351
,,,1.735
,,,4.441
,,,6.373
,,,7.464
,,,8.197
,,,8.576
,,,8.591
,,,8.188
,,,7.236
,,,5.458
,,,3.499
,,,2.787
,,,2.471
,,,2.493
,,,2.517
,,,2.606
,,,2.593
,,,2.405
,,,2.189
,,,2.399
,,,2.451
,,,2.445
,,,2.535
,,,3.469
,,,5.349
,,,7.74
,,,8.933
,,,9.503
,,,9.962
,,,9.995
,,,9.746
,,,9.186
,,,8.18
,,,6.745
,,,5.635
,,,5.135
,,,4.723
,,,4.482
,,,4.311
,,,4.408
,,,4.93
,,,5.19
,,,5.345
,,,5.26
,,,5.396
,,,5.928
,,,6.575
,,,7.188
,,,7.519
,,,7.742
,,,8.682
,,,9.564
,,,10.107
,,,10.502
,,,10.533
,,,10.242
,,,9.45
,,,7.846
,,,6.241
,,,5.942
,,,5.583
,,,5.127
,,,4.751
,,,4.63
,,,4.584
,,,4.528
,,,4.625
,,,4.526
,,,4.432
,,,4.42
,,,4.497
,,,4.864
,,,5.587
,,,6.474
,,,7.216
,,,7.838
,,,8.434
,,,8.924
,,,9.025
,,,8.683
,,,8.108
,,,7.208
,,,6.188
,,,5.619
,,,5.187
,,,4.802
,,,4.446
,,,4.115
,,,3.76
,,,3.437
,,,3.301
,,,3.581
,,,3.723
,,,3.507
,,,3.349
,,,3.769
,,,4.959
,,,6.885
,,,8.92
,,,10.403
,,,11.1
,,,11.357
,,,11.319
,,,11.014
,,,10.327
,,,8.484
,,,6.727
,,,5.86
,,,5.027
,,,3.728
,,,2.696
,,,2.044
,,,1.494
,,,0.63
,,,-0.075
,,,-0.315
,,,-0.341
,,,-0.166
,,,0.881
,,,2.597
,,,4.792
,,,7.993
,,,9.618
,,,10.465
,,,11.071
,,,11.184
,,,10.735
,,,10.511
,,,9.704
,,,8.259
,,,6.782
,,,6.31
,,,5.794
,,,5.426
,,,5.197
,,,4.995
,,,4.858
,,,4.724
,,,4.578
,,,4.43
,,,4.324
,,,4.403
,,,4.768
,,,5.519
,,,6.752
,,,8.247
,,,9.743
,,,10.992
,,,12.319
,,,12.835
,,,12.326
,,,11.179
,,,10.241
,,,8.905
,,,7.224
,,,6.213
,,,5.379
,,,4.901
,,,4.802
,,,4.593
,,,4.301
,,,4.285
,,,4.138
,,,4.159
,,,3.915
,,,3.597
,,,3.48
,,,2.687
,,,2.217
,,,2.911
,,,4.541
,,,5.975
,,,6.307
,,,6.664
,,,7.044
,,,7.017
,,,6.631
,,,5.559
,,,3.348
,,,2.435
,,,1.771
,,,1.209
,,,0.74
,,,0.4
,,,0.428
,,,0.864
,,,1.002
,,,0.566
,,,0.227
,,,0.321
,,,1.331
,,,2.97
,,,4.478
,,,5.514
,,,5.975
,,,6.4
,,,6.733
,,,6.999
,,,6.848
,,,6.104
,,,5.332
,,,4.917
,,,4.306
,,,4.096
,,,3.89
,,,3.588
,,,3.407
,,,3.667
,,,3.767
,,,3.537
,,,3.293
,,,3.107
,,,2.907
,,,2.834
,,,3.725
,,,4.416
,,,4.98
,,,5.52
,,,6.279
,,,6.954
,,,7.549
,,,7.802
,,,7.51
,,,6.826
,,,6.044
,,,5.414
,,,4.969
,,,4.704
,,,4.446
,,,4.215
,,,3.997
,,,3.797
,,,3.52
,,,3.306
,,,3.147
,,,3.084
,,,3.045
,,,2.941
,,,3.169
,,,3.609
,,,4.248
,,,5.133
,,,6.009
,,,6.897
,,,7.797
,,,8.444
,,,8.425
,,,8.059
,,,7.344
,,,6.27
,,,4.84
,,,3.823
,,,2.948
,,,2.627
,,,2.462
,,,2.299
,,,2.166
,,,1.987
,,,1.787
,,,1.511
,,,1.11
,,,0.698
,,,0.914
,,,2.071
,,,4.026
,,,5.441
,,,6.513
,,,7.23
,,,7.451
,,,7.715
,,,7.719
,,,7.343
,,,6.836
,,,5.925
,,,4.78
,,,4.291
,,,3.94
,,,3.595
,,,2.963
,,,2.027
,,,1.302
,,,1.549
,,,2.061
,,,2.546
,,,3.274
,,,3.825
,,,4.544
,,,5.357
,,,6.273
,,,7.445
,,,8.22
,,,8.446
,,,8.348
,,,8.408
,,,8.964
,,,9.552
,,,9.963
,,,9.682
,,,8.665
,,,7.901
,,,7.655
,,,7.603
,,,7.417
,,,7.325
,,,7.357
,,,7.642
,,,7.801
,,,8.014
,,,8.056
,,,8.066
,,,8.307
,,,8.809
,,,9.498
,,,10.378
,,,11.384
,,,12.007
,,,12.035
,,,11.89
,,,11.497
,,,10.9
,,,10.591
,,,9.708
,,,8.019
,,,7.299
,,,7.162
,,,6.944
,,,6.66
,,,6.417
,,,6.273
,,,6.197
,,,6.213
,,,6.269
,,,6.261
,,,6.513
,,,7.201
,,,8.057
,,,9.021
,,,9.722
,,,10.051
,,,10.189
,,,9.9
,,,9.904
,,,9.805
,,,9.902
,,,10.233
,,,9.837
,,,8.736
,,,7.52
,,,6.144
,,,5.164
,,,4.555
,,,3.787
,,,2.864
,,,2.228
,,,1.615
,,,0.917
,,,0.39
,,,0.009
,,,0.735
,,,2.51
,,,4.949
,,,6.684
,,,8.214
,,,9.597
,,,10.45
,,,10.811
,,,10.756
,,,10.13
,,,9.194
,,,7.778
,,,5.624
,,,4.799
,,,4.093
,,,3.67
,,,3.29
,,,2.959
,,,2.716
,,,2.791
,,,2.971
,,,3.055
,,,3.252
,,,3.332
,,,3.973
,,,5.179
,,,7.175
,,,8.918
,,,9.959
,,,10.967
,,,11.98
,,,12.645
,,,12.802
,,,12.679
,,,12.257
,,,11.117
,,,8.895
,,,7.708
,,,7.19
,,,7.002
,,,6.859
,,,6.907
,,,7.105
,,,7.066
,,,6.421
,,,5.755
,,,6.007
,,,6.444
,,,6.934
,,,7.714
,,,8.874
,,,10.693
,,,12.41
,,,13.167
,,,13.382
,,,13.474
,,,13.167
,,,12.597
,,,12.073
,,,11.299
,,,9.981
,,,8.876
,,,8.157
,,,7.58
,,,6.776
,,,6.349
,,,5.844
,,,5.351
,,,5
,,,4.907
,,,4.886
,,,4.948
,,,5.564
,,,6.242
,,,7.226
,,,9.035
,,,10.428
,,,11.103
,,,11.257
,,,11.272
,,,11.091
,,,10.862
,,,10.511
,,,9.814
,,,8.7
,,,7.507
,,,6.773
,,,6.353
,,,6.129
,,,6.059
,,,6.145
,,,6.033
,,,5.888
,,,5.755
,,,5.564
,,,5.459
,,,5.678
,,,6.238
,,,7.19
,,,8.214
,,,8.79
,,,9.003
,,,9.043
,,,9.126
,,,9.281
,,,9.385
,,,9.359
,,,9.21
,,,8.987
,,,8.796
,,,8.521
,,,8.189
,,,7.795
,,,7.447
,,,7.149
,,,6.887
,,,6.639
,,,6.411
,,,6.216
,,,6.016
,,,6.06
,,,6.584
,,,7.574
,,,8.501
,,,9.473
,,,10.276
,,,11.044
,,,11.853
,,,12.624
,,,12.762
,,,12.338
,,,11.819
,,,10.925
,,,10.25
,,,9.847
,,,9.581
,,,9.115
,,,8.685
,,,8.351
,,,8.048
,,,7.738
,,,7.433
,,,7.017
,,,6.585
,,,6.572
,,,6.682
,,,7.113
,,,7.581
,,,8.078
,,,8.38
,,,8.543
,,,8.82
,,,8.949
,,,9.017
,,,8.943
,,,8.66
,,,8.217
,,,7.908
,,,7.745
,,,7.578
,,,7.366
,,,7.132
,,,6.868
,,,6.65
,,,6.412
,,,6.177
,,,6.027
,,,5.911
,,,5.95
,,,6.206
,,,6.581
,,,7.032
,,,7.51
,,,7.888
,,,8.293
,,,8.701
,,,9.111
,,,9.244
,,,8.996
,,,8.526
,,,7.94
,,,7.443
,,,6.983
,,,6.552
,,,6.227
,,,5.967
,,,5.766
,,,5.624
,,,5.526
,,,5.443
,,,5.407
,,,5.421
,,,5.6
,,,5.963
,,,6.79
,,,7.815
,,,8.861
,,,9.706
,,,10.412
,,,10.836
,,,11.216
,,,11.325
,,,11.24
,,,10.701
,,,9.42
,,,8.703
,,,8.497
,,,8.251
,,,7.925
,,,7.599
,,,7.286
,,,7.035
,,,6.85
,,,6.737
,,,6.652
,,,6.527
,,,7.755
,,,9.362
,,,11.078
,,,12.618
,,,13.969
,,,15.105
,,,15.824
,,,16.16
,,,16.193
,,,16.053
,,,15.645
,,,14.707
,,,12.546
,,,11.055
,,,10.314
,,,9.309
,,,8.198
,,,7.445
,,,7.084
,,,7.191
,,,7.328
,,,7.461
,,,7.572
,,,7.678
,,,8.132
,,,9.045
,,,10.371
,,,11.263
,,,11.858
,,,12.519
,,,13.001
,,,12.726
,,,11.945
,,,11.656
,,,11.822
,,,11.266
,,,10.069
,,,8.976
,,,8.594
,,,8.518
,,,8.322
,,,8.084
,,,7.804
,,,7.594
,,,7.349
,,,7.165
,,,6.986
,,,6.904
,,,7.22
,,,8.11
,,,9.625
,,,11.054
,,,12.114
,,,13.063
,,,13.671
,,,13.799
,,,13.483
,,,12.96
,,,12.121
,,,11.027
,,,9.909
,,,9.041
,,,8.595
,,,8.393
,,,8.28
,,,8.084
,,,7.947
,,,7.69
,,,7.483
,,,7.394
,,,7.345
,,,7.388
,,,8.242
,,,9.863
,,,11.475
,,,12.918
,,,13.944
,,,14.157
,,,14.103
,,,14.055
,,,14.149
,,,14.072
,,,13.961
,,,13.569
,,,12.854
,,,12.174
,,,11.652
,,,11.227
,,,10.901
,,,10.977
,,,10.759
,,,10.173
,,,9.76
,,,9.476
,,,9.205
,,,9.184
,,,10.302
,,,12.223
,,,14.699
,,,16.7
,,,18.307
,,,19.478
,,,20.197
,,,20.517
,,,20.427
,,,19.989
,,,19.159
,,,17.721
,,,15.316
,,,13.656
,,,12.951
,,,12.004
,,,11.145
,,,10.521
,,,10.446
,,,10.237
,,,9.607
,,,8.894
,,,8.351
,,,8.573
,,,11.387
,,,13.474
,,,16.013
,,,19.019
,,,21.423
,,,22.824
,,,23.551
,,,23.921
,,,23.963
,,,23.821
,,,23.556
,,,22.185
,,,18.763
,,,16.025
,,,14.709
,,,13.711
,,,12.782
,,,11.836
,,,10.92
,,,10.128
,,,9.455
,,,8.865
,,,8.354
,,,8.752
,,,11.106
,,,12.783
,,,15.05
,,,17.085
,,,18.559
,,,19.614
,,,20.463
,,,20.963
,,,21.122
,,,20.943
,,,20.422
,,,19.404
,,,16.681
,,,14.22
,,,13.39
,,,12.694
,,,11.903
,,,11.034
,,,10.223
,,,9.555
,,,9.086
,,,8.712
,,,8.367
,,,8.627
,,,9.904
,,,11.605
,,,14.319
,,,16.614
,,,18.559
,,,20.062
,,,21.176
,,,21.698
,,,21.654
,,,21.154
,,,20.08
,,,18.613
,,,16.907
,,,15.457
,,,14.613
,,,13.783
,,,13.177
,,,12.688
,,,12.422
,,,12.264
,,,12.078
,,,11.747
,,,11.082
,,,10.96
,,,12.04
,,,13.591
,,,15.3
,,,16.725
,,,17.862
,,,18.553
,,,18.774
,,,18.577
,,,18.071
,,,17.222
,,,15.935
,,,14.735
,,,13.087
,,,11.03
,,,9.743
,,,8.702
,,,7.975
,,,7.49
,,,7.157
,,,6.818
,,,6.715
,,,6.724
,,,6.733
,,,6.764
,,,7.318
,,,8.286
,,,9.653
,,,11.31
,,,12.447
,,,12.95
,,,13.389
,,,13.44
,,,13.132
,,,13.036
,,,12.835
,,,12.156
,,,11.207
,,,10.592
,,,10.3
,,,9.986
,,,9.706
,,,9.553
,,,9.485
,,,9.539
,,,9.711
,,,9.676
,,,9.4
,,,9.19
,,,9.558
,,,10.184
,,,10.838
,,,11.258
,,,11.51
,,,11.706
,,,11.754
,,,11.784
,,,12.024
,,,12.529
,,,12.692
,,,12.358
,,,11.712
,,,11.192
,,,11.149
,,,10.896
,,,9.99
,,,8.385
,,,7.43
,,,7.028
,,,6.926
,,,6.975
,,,6.97
,,,6.871
,,,7.175
,,,8.238
,,,9.791
,,,11.092
,,,11.839
,,,12.047
,,,11.916
,,,11.7
,,,11.39
,,,10.813
,,,10.106
,,,9.469
,,,8.677
,,,7.757
,,,7.067
,,,6.407
,,,5.968
,,,5.658
,,,5.402
,,,5.195
,,,5.041
,,,4.927
,,,4.871
,,,5.038
,,,5.824
,,,7.651
,,,9.424
,,,10.519
,,,11.353
,,,11.749
,,,12.02
,,,12.15
,,,12.044
,,,11.924
,,,11.551
,,,10.72
,,,9.144
,,,7.216
,,,6.957
,,,6.831
,,,6.537
,,,6.243
,,,6.043
,,,5.868
,,,5.725
,,,5.626
,,,5.61
,,,5.882
,,,6.2
,,,6.367
,,,6.917
,,,7.627
,,,7.96
,,,8.12
,,,8.476
,,,9.076
,,,9.637
,,,10.032
,,,10.083
,,,9.795
,,,9.123
,,,8.344
,,,8.049
,,,7.899
,,,7.652
,,,7.372
,,,6.991
,,,6.571
,,,6.195
,,,5.789
,,,5.496
,,,5.411
,,,5.641
,,,6.021
,,,6.395
,,,6.933
,,,7.578
,,,8.391
,,,9.11
,,,9.67
,,,9.948
,,,9.807
,,,9.285
,,,8.52
,,,7.673
,,,6.717
,,,5.985
,,,5.237
,,,4.897
,,,4.943
,,,5.069
,,,5.17
,,,5.218
,,,5.203
,,,5.129
,,,5.13
,,,5.323
,,,5.941
,,,6.727
,,,7.434
,,,7.938
,,,8.231
,,,8.446
,,,8.549
,,,8.424
,,,8.148
,,,7.695
,,,7.097
,,,6.405
,,,5.767
,,,5.303
,,,4.946
,,,4.687
,,,4.497
,,,4.387
,,,4.317
,,,4.225
,,,4.017
,,,3.822
,,,3.789
,,,4.023
,,,4.467
,,,5.074
,,,5.805
,,,6.631
,,,7.339
,,,7.882
,,,8.199
,,,8.279
,,,8.224
,,,8.038
,,,7.571
,,,6.689
,,,5.569
,,,5.024
,,,4.291
,,,3.333
,,,2.519
,,,1.776
,,,1.296
,,,1.085
,,,0.598
,,,0.373
,,,1.174
,,,2.939
,,,5.807
,,,8.742
,,,10.416
,,,11.436
,,,11.998
,,,12.21
,,,12.218
,,,12.014
,,,11.468
,,,10.681
,,,9.83
,,,8.848
,,,7.919
,,,7.354
,,,6.883
,,,6.695
,,,6.666
,,,6.638
,,,6.743
,,,6.801
,,,6.937
,,,7.073
,,,7.263
,,,7.631
,,,8.181
,,,8.885
,,,9.796
,,,10.619
,,,11.414
,,,11.93
,,,12.207
,,,12.366
,,,12.242
,,,11.831
,,,11.02
,,,9.226
,,,6.552
,,,5.587
,,,5.104
,,,4.694
,,,4.223
,,,3.949
,,,4.481
,,,4.641
,,,4.615
,,,4.542
,,,4.821
,,,5.482
,,,6.854
,,,9.465
,,,11.817
,,,13.115
,,,14.058
,,,14.778
,,,15.104
,,,14.708
,,,14.201
,,,14.045
,,,13.297
,,,11.759
,,,9.276
,,,8.127
,,,7.334
,,,6.72
,,,6.287
,,,5.879
,,,5.617
,,,5.37
,,,5.345
,,,5.451
,,,7.049
,,,8.637
,,,10.126
,,,11.606
,,,13.055
,,,14.492
,,,15.72
,,,16.41
,,,17.053
,,,17.557
,,,17.737
,,,17.498
,,,16.886
,,,15.549
,,,13.643
,,,12.981
,,,12.327
,,,11.72
,,,10.844
,,,9.876
,,,9.203
,,,8.496
,,,7.837
,,,7.22
,,,7.731
,,,10.005
,,,11.787
,,,14.936
,,,16.718
,,,17.966
,,,18.956
,,,19.731
,,,20.273
,,,20.557
,,,20.573
,,,20.279
,,,19.868
,,,18.134
,,,15.578
,,,13.432
,,,11.674
,,,10.354
,,,9.182
,,,8.332
,,,8.005
,,,7.922
,,,7.53
,,,7.171
,,,7.775
,,,10.058
,,,11.717
,,,14.348
,,,17.48
,,,19.112
,,,20.373
,,,21.254
,,,21.86
,,,22.163
,,,22.158
,,,21.929
,,,21.418
,,,19.555
,,,17.572
,,,16.385
,,,15.631
,,,14.657
,,,13.842
,,,13.68
,,,13.367
,,,13.324
,,,13.279
,,,12.759
,,,12.772
,,,14.144
,,,15.55
,,,17.579
,,,20.942
,,,22.368
,,,23.198
,,,23.796
,,,24.175
,,,24.308
,,,24.165
,,,24.262
,,,23.43
,,,20.574
,,,17.476
,,,15.625
,,,14.329
,,,13.258
,,,12.36
,,,11.629
,,,10.995
,,,10.327
,,,9.58
,,,8.912
,,,10.376
,,,12.485
,,,14.42
,,,16.708
,,,18.201
,,,19.435
,,,20.255
,,,20.594
,,,20.483
,,,20.021
,,,19.224
,,,18.184
,,,16.809
,,,15.246
,,,13.149
,,,11.339
,,,9.969
,,,8.783
,,,7.888
,,,7.249
,,,6.688
,,,6.267
,,,6.181
,,,6.161
,,,7.315
,,,8.662
,,,11.014
,,,13.382
,,,14.673
,,,15.641
,,,16.327
,,,16.828
,,,17.122
,,,17.069
,,,16.594
,,,15.621
,,,14.263
,,,12.924
,,,11.61
,,,10.81
,,,10.266
,,,9.773
,,,9.288
,,,8.956
,,,8.694
,,,8.193
,,,7.667
,,,6.955
,,,6.813
,,,7.632
,,,9.24
,,,10.715
,,,11.889
,,,12.782
,,,13.544
,,,14.133
,,,14.558
,,,14.736
,,,14.646
,,,14.355
,,,13.74
,,,12.301
,,,9.649
,,,8.472
,,,7.82
,,,7.149
,,,6.455
,,,5.536
,,,4.783
,,,4.393
,,,4.742
,,,5.301
,,,6.536
,,,7.807
,,,9.74
,,,11.512
,,,13.066
,,,14.277
,,,15.015
,,,15.416
,,,15.449
,,,15.372
,,,14.775
,,,13.939
,,,12.978
,,,12.15
,,,11.513
,,,10.275
,,,9.031
,,,8.033
,,,7.39
,,,6.964
,,,6.814
,,,6.831
,,,7.034
,,,7.282
,,,8.152
,,,8.84
,,,9.799
,,,11.34
,,,12.404
,,,13.052
,,,13.539
,,,13.157
,,,12.211
,,,11.338
,,,11.065
,,,10.894
,,,10.471
,,,9.859
,,,9.055
,,,8.535
,,,8.192
,,,7.889
,,,7.625
,,,7.056
,,,6.674
,,,6.378
,,,6.102
,,,5.856
,,,6.483
,,,7.574
,,,8.97
,,,11.164
,,,12.74
,,,14.048
,,,15.047
,,,15.7
,,,16.09
,,,16.278
,,,16.306
,,,16.131
,,,15.523
,,,14.314
,,,12.018
,,,10.712
,,,9.496
,,,8.526
,,,7.818
,,,7.134
,,,6.334
,,,5.609
,,,5.086
,,,4.776
,,,5.897
,,,7.516
,,,10.078
,,,12.442
,,,14.155
,,,15.513
,,,16.527
,,,17.288
,,,17.837
,,,18.074
,,,17.961
,,,17.577
,,,16.831
,,,15.144
,,,12.274
,,,10.82
,,,10.113
,,,9.396
,,,8.722
,,,8.124
,,,7.661
,,,7.331
,,,6.973
,,,6.678
,,,7.739
,,,9.44
,,,11.911
,,,14.306
,,,15.99
,,,17.437
,,,18.573
,,,19.435
,,,19.984
,,,20.232
,,,20.103
,,,19.662
,,,18.701
,,,16.891
,,,14.844
,,,13.858
,,,13.321
,,,12.608
,,,12.141
,,,11.757
,,,11.404
,,,11.124
,,,10.907
,,,10.792
,,,11.158
,,,11.908
,,,12.631
,,,13.152
,,,13.45
,,,13.607
,,,13.525
,,,13.334
,,,13.044
,,,12.761
,,,12.501
,,,12.134
,,,11.378
,,,10.289
,,,9.031
,,,7.934
,,,7.199
,,,6.505
,,,5.827
,,,5.319
,,,5.09
,,,5.011
,,,4.521
,,,4.541
,,,5.018
,,,5.594
,,,7.14
,,,9.42
,,,11.473
,,,13.069
,,,14.231
,,,15.042
,,,15.521
,,,15.657
,,,15.392
,,,14.746
,,,13.745
,,,12.119
,,,10.058
,,,8.645
,,,7.55
,,,6.173
,,,4.965
,,,4.198
,,,3.895
,,,3.925
,,,3.975
,,,4.036
,,,5.053
,,,6.983
,,,9.616
,,,11.348
,,,12.949
,,,14.271
,,,15.331
,,,16.099
,,,16.473
,,,16.44
,,,16.115
,,,15.744
,,,15.207
,,,14.082
,,,12.741
,,,11.592
,,,10.57
,,,9.804
,,,9.286
,,,8.831
,,,8.387
,,,8.011
,,,7.772
,,,7.867
,,,8.913
,,,10.481
,,,13.277
,,,15.233
,,,16.299
,,,17.284
,,,18.14
,,,18.818
,,,19.3
,,,19.553
,,,19.573
,,,19.345
,,,18.799
,,,17.68
,,,14.61
,,,12.388
,,,11.277
,,,10.353
,,,9.441
,,,8.559
,,,7.769
,,,7.184
,,,6.696
,,,6.684
,,,8.608
,,,10.281
,,,12.971
,,,15.345
,,,17.256
,,,18.32
,,,19.141
,,,19.771
,,,20.206
,,,20.409
,,,20.34
,,,19.974
,,,19.228
,,,17.659
,,,14.623
,,,12.64
,,,11.519
,,,10.207
,,,8.893
,,,7.745
,,,6.86
,,,6.264
,,,5.899
,,,5.92
,,,7.998
,,,9.737
,,,12.02
,,,15.1
,,,16.902
,,,18.614
,,,19.927
,,,20.544
,,,20.547
,,,20.171
,,,19.644
,,,19.243
,,,18.76
,,,17.474
,,,15.09
,,,13.462
,,,12.428
,,,11.199
,,,10.211
,,,9.58
,,,9.316
,,,9.019
,,,8.618
,,,8.431
,,,9.107
,,,10.478
,,,12.485
,,,14.489
,,,16.139
,,,17.537
,,,18.622
,,,19.403
,,,19.859
,,,19.957
,,,19.726
,,,19.102
,,,18.013
,,,16.292
,,,13.834
,,,11.822
,,,10.535
,,,9.438
,,,8.664
,,,8.029
,,,7.59
,,,7.237
,,,6.981
,,,6.538
,,,7.422
,,,9.018
,,,11.08
,,,12.978
,,,14.644
,,,16.13
,,,17.36
,,,18.233
,,,18.63
,,,18.404
,,,18.282
,,,17.818
,,,16.686
,,,14.873
,,,12.541
,,,10.778
,,,9.716
,,,9.061
,,,8.664
,,,8.44
,,,8.355
,,,8.331
,,,8.537
,,,8.497
,,,8.831
,,,9.533
,,,10.498
,,,11.826
,,,13.345
,,,14.498
,,,15.408
,,,16.071
,,,16.667
,,,17.258
,,,17.938
,,,18.278
,,,17.882
,,,16.598
,,,14.908
,,,13.517
,,,12.842
,,,12.167
,,,11.535
,,,11.063
,,,10.741
,,,10.586
,,,10.503
,,,10.53
,,,10.809
,,,11.259
,,,11.985
,,,12.951
,,,13.965
,,,15.084
,,,16.222
,,,17.397
,,,18.119
,,,18.644
,,,18.871
,,,18.753
,,,18.373
,,,17.692
,,,15.939
,,,13.755
,,,13.022
,,,12.818
,,,12.691
,,,12.527
,,,12.121
,,,11.668
,,,11.053
,,,10.93
,,,11.535
,,,12.359
,,,13.522
,,,14.385
,,,15.245
,,,16.275
,,,17.651
,,,19.292
,,,20.82
,,,21.715
,,,21.926
,,,21.556
,,,20.707
,,,19.329
,,,17.478
,,,15.87
,,,14.752
,,,13.789
,,,13.069
,,,12.508
,,,12.058
,,,11.777
,,,11.551
,,,11.492
,,,12.096
,,,13.201
,,,15.193
,,,17.307
,,,19.057
,,,20.394
,,,21.39
,,,22.001
,,,22.475
,,,22.753
,,,22.793
,,,22.657
,,,22.247
,,,21.445
,,,19.648
,,,18.14
,,,17.132
,,,15.988
,,,14.885
,,,13.991
,,,13.202
,,,12.371
,,,11.616
,,,11.461
,,,12.851
,,,14.096
,,,16.071
,,,17.987
,,,19.806
,,,21.122
,,,22.059
,,,22.671
,,,22.992
,,,23.007
,,,22.922
,,,22.671
,,,22.084
,,,20.922
,,,19.021
,,,17.477
,,,16.216
,,,14.839
,,,13.686
,,,12.85
,,,12.229
,,,11.672
,,,11.064
,,,10.689
,,,11.104
,,,12.1
,,,13.572
,,,15.314
,,,16.889
,,,18.19
,,,19.191
,,,19.693
,,,19.786
,,,19.631
,,,19.336
,,,18.681
,,,17.787
,,,16.82
,,,15.842
,,,15.01
,,,14.432
,,,13.871
,,,13.392
,,,13.103
,,,12.893
,,,12.741
,,,12.609
,,,12.521
,,,12.554
,,,12.767
,,,13.251
,,,14.11
,,,15.057
,,,15.805
,,,16.572
,,,17.349
,,,18.164
,,,18.999
,,,19.287
,,,19.156
,,,18.771
,,,18.077
,,,16.854
,,,15.749
,,,14.951
,,,14.072
,,,13.158
,,,12.498
,,,12.003
,,,11.591
,,,11.212
,,,11.429
,,,13.517
,,,14.808
,,,17.104
,,,19.225
,,,20.527
,,,21.303
,,,21.244
,,,20.841
,,,20.712
,,,21.026
,,,21.238
,,,21.003
,,,20.494
,,,19.608
,,,18.085
,,,16.946
,,,16.395
,,,15.84
,,,15.185
,,,14.461
,,,13.803
,,,13.319
,,,12.899
,,,12.995
,,,13.997
,,,15.179
,,,16.942
,,,18.423
,,,19.629
,,,20.581
,,,21.081
,,,21.323
,,,21.281
,,,21.079
,,,20.778
,,,20.526
,,,20.01
,,,19.123
,,,17.78
,,,16.697
,,,16.376
,,,15.937
,,,15.4
,,,14.789
,,,14.177
,,,13.69
,,,13.312
,,,13.222
,,,13.768
,,,14.893
,,,16.291
,,,17.463
,,,18.561
,,,19.696
,,,20.645
,,,21.276
,,,21.639
,,,21.646
,,,21.476
,,,21.109
,,,20.493
,,,19.372
,,,17.002
,,,14.916
,,,14.105
,,,13.382
,,,12.709
,,,12.077
,,,11.554
,,,11.149
,,,10.894
,,,11.3
,,,13.47
,,,14.931
,,,17.014
,,,19.004
,,,20.405
,,,21.562
,,,22.454
,,,23.084
,,,23.479
,,,23.637
,,,23.542
,,,23.219
,,,22.759
,,,21.862
,,,19.622
,,,17.916
,,,16.919
,,,15.956
,,,14.971
,,,14.113
,,,13.376
,,,12.758
,,,12.215
,,,12.629
,,,14.257
,,,15.739
,,,17.173
,,,18.362
,,,19.214
,,,19.674
,,,19.999
,,,20.146
,,,20.062
,,,19.738
,,,19.144
,,,18.403
,,,17.383
,,,16.203
,,,14.964
,,,13.874
,,,13.126
,,,12.5
,,,11.963
,,,11.637
,,,11.505
,,,11.437
,,,11.37
,,,11.371
,,,11.472
,,,11.619
,,,11.988
,,,12.595
,,,13.299
,,,14.219
,,,15.622
,,,16.78
,,,17.626
,,,18.283
,,,18.404
,,,18.182
,,,17.56
,,,16.446
,,,14.235
,,,11.938
,,,10.74
,,,9.583
,,,8.583
,,,7.764
,,,7.098
,,,6.551
,,,6.086
,,,6.562
,,,8.28
,,,9.884
,,,11.436
,,,13.013
,,,14.624
,,,16.287
,,,17.639
,,,18.748
,,,19.513
,,,19.952
,,,20.056
,,,19.836
,,,19.304
,,,18.204
,,,15.752
,,,13.585
,,,12.795
,,,12.053
,,,11.226
,,,10.432
,,,9.864
,,,9.632
,,,9.465
,,,9.865
,,,10.689
,,,11.899
,,,13.314
,,,14.668
,,,15.79
,,,16.795
,,,17.65
,,,18.225
,,,18.663
,,,18.971
,,,19.14
,,,19.041
,,,18.549
,,,17.739
,,,16.504
,,,15.38
,,,14.743
,,,14.117
,,,13.529
,,,13.022
,,,12.502
,,,12.036
,,,11.654
,,,11.641
,,,11.979
,,,12.742
,,,13.802
,,,15.034
,,,16.218
,,,17.383
,,,18.411
,,,19.18
,,,19.555
,,,19.694
,,,19.507
,,,19.215
,,,18.738
,,,17.97
,,,16.43
,,,14.783
,,,14.024
,,,13.006
,,,12.13
,,,11.423
,,,10.825
,,,10.318
,,,9.914
,,,10.329
,,,11.276
,,,12.372
,,,13.466
,,,14.513
,,,15.454
,,,16.348
,,,17.307
,,,18.314
,,,19.128
,,,19.668
,,,19.852
,,,19.765
,,,19.365
,,,18.545
,,,16.892
,,,15.086
,,,14.376
,,,13.81
,,,13.214
,,,12.59
,,,11.787
,,,11.156
,,,10.586
,,,11.11
,,,12.341
,,,13.477
,,,14.773
,,,16.059
,,,17.309
,,,18.252
,,,19.121
,,,19.815
,,,20.257
,,,20.467
,,,20.602
,,,20.537
,,,20.069
,,,19.182
,,,17.248
,,,15.343
,,,14.589
,,,13.873
,,,13.001
,,,12.06
,,,11.186
,,,10.381
,,,9.68
,,,9.966
,,,11.369
,,,13.063
,,,14.948
,,,16.529
,,,18.114
,,,19.582
,,,20.78
,,,21.599
,,,22.078
,,,22.258
,,,22.203
,,,21.964
,,,21.455
,,,20.28
,,,17.543
,,,15.289
,,,14.272
,,,13.325
,,,12.506
,,,11.734
,,,10.992
,,,10.339
,,,9.835
,,,10.454
,,,11.909
,,,13.306
,,,14.563
,,,15.608
,,,16.246
,,,16.66
,,,16.972
,,,17.325
,,,17.904
,,,18.215
,,,18.162
,,,17.856
,,,17.304
,,,16.385
,,,14.748
,,,12.703
,,,11.628
,,,10.769
,,,10.063
,,,9.538
,,,9.242
,,,9.097
,,,8.84
,,,9.074
,,,10.75
,,,12.566
,,,14.915
,,,16.669
,,,18.158
,,,19.133
,,,19.332
,,,19.179
,,,19.137
,,,18.924
,,,18.352
,,,18
,,,17.147
,,,16.273
,,,15.407
,,,14.645
,,,14.12
,,,13.833
,,,13.439
,,,13.029
,,,12.686
,,,12.387
,,,12.202
,,,12.379
,,,13.131
,,,14.102
,,,15.107
,,,16.565
,,,17.63
,,,17.714
,,,18.118
,,,18.837
,,,19.422
,,,19.636
,,,19.501
,,,19.105
,,,18.453
,,,17.356
,,,15.049
,,,12.823
,,,12.053
,,,11.24
,,,10.522
,,,9.727
,,,9.121
,,,8.802
,,,8.403
,,,9.132
,,,11.159
,,,12.874
,,,14.938
,,,16.356
,,,17.297
,,,18.102
,,,18.665
,,,18.781
,,,18.458
,,,18.2
,,,18.016
,,,17.351
,,,16.533
,,,15.813
,,,14.293
,,,12.925
,,,12.369
,,,11.923
,,,11.514
,,,11.171
,,,10.543
,,,10.096
,,,10.008
,,,10.402
,,,11.565
,,,12.074
,,,12.518
,,,14.18
,,,15.633
,,,16.936
,,,17.721
,,,18.031
,,,18.082
,,,18.096
,,,18.099
,,,17.798
,,,17.18
,,,15.977
,,,14.281
,,,12.91
,,,12.052
,,,11.596
,,,11.155
,,,10.881
,,,10.855
,,,10.905
,,,10.949
,,,11.095
,,,11.742
,,,13.166
,,,14.674
,,,15.865
,,,16.684
,,,16.642
,,,16.277
,,,16.207
,,,16.141
,,,16.096
,,,16.074
,,,16.275
,,,16.536
,,,16.423
,,,15.73
,,,14.992
,,,14.808
,,,14.533
,,,13.985
,,,13.165
,,,12.562
,,,12.133
,,,11.906
,,,12.178
,,,13.212
,,,14.53
,,,15.691
,,,16.839
,,,17.929
,,,18.95
,,,19.828
,,,20.511
,,,20.927
,,,21.045
,,,20.776
,,,20.385
,,,19.933
,,,19.28
,,,18.365
,,,17.476
,,,17.057
,,,16.597
,,,15.915
,,,15.276
,,,14.719
,,,14.325
,,,14.111
,,,14.269
,,,15.106
,,,16.402
,,,17.87
,,,19.233
,,,20.284
,,,20.966
,,,21.451
,,,21.956
,,,22.302
,,,22.618
,,,22.489
,,,22.14
,,,21.456
,,,20.557
,,,19.257
,,,17.411
,,,16.317
,,,15.496
,,,14.89
,,,14.408
,,,14.003
,,,13.684
,,,13.438
,,,13.774
,,,14.717
,,,16.189
,,,17.808
,,,19.229
,,,20.527
,,,21.553
,,,22.301
,,,22.728
,,,22.797
,,,22.524
,,,21.881
,,,21.021
,,,19.738
,,,18.317
,,,16.575
,,,14.765
,,,13.403
,,,12.327
,,,11.231
,,,10.503
,,,10.064
,,,9.812
,,,9.199
,,,9.15
,,,9.82
,,,10.914
,,,12.217
,,,13.585
,,,14.898
,,,16.044
,,,16.961
,,,17.561
,,,17.84
,,,17.792
,,,17.492
,,,16.992
,,,16.259
,,,15.249
,,,13.356
,,,11.139
,,,10.251
,,,9.326
,,,8.496
,,,7.851
,,,7.383
,,,7.064
,,,6.935
,,,7.478
,,,8.832
,,,10.876
,,,13.157
,,,14.968
,,,16.24
,,,17.342
,,,18.283
,,,19.033
,,,19.56
,,,19.825
,,,19.871
,,,19.681
,,,19.238
,,,18.378
,,,16.055
,,,14.241
,,,13.329
,,,12.336
,,,11.692
,,,10.937
,,,10.106
,,,9.482
,,,8.783
,,,9.06
,,,10.369
,,,11.365
,,,13.476
,,,15.685
,,,17.791
,,,19.173
,,,20.029
,,,19.923
,,,19.315
,,,19.282
,,,19.245
,,,19.002
,,,18.721
,,,17.677
,,,15.963
,,,14.991
,,,14.35
,,,13.549
,,,12.666
,,,11.61
,,,10.412
,,,9.646
,,,8.909
,,,9.223
,,,10.732
,,,12.51
,,,14.891
,,,16.513
,,,18.045
,,,19.438
,,,20.606
,,,21.549
,,,22.253
,,,22.623
,,,22.703
,,,22.648
,,,22.35
,,,21.874
,,,19.887
,,,17.773
,,,16.343
,,,15.34
,,,14.426
,,,13.585
,,,12.725
,,,11.985
,,,11.444
,,,11.872
,,,14.241
,,,15.731
,,,18.243
,,,21.032
,,,22.338
,,,23.403
,,,24.274
,,,24.945
,,,25.376
,,,25.553
,,,25.538
,,,25.323
,,,25.012
,,,23.533
,,,20.178
,,,17.736
,,,16.674
,,,15.855
,,,15.076
,,,14.341
,,,13.742
,,,13.18
,,,12.573
,,,12.968
,,,15.156
,,,16.648
,,,19.474
,,,21.416
,,,22.711
,,,23.808
,,,24.671
,,,25.273
,,,25.612
,,,25.71
,,,25.655
,,,25.164
,,,24.222
,,,22.427
,,,19.432
,,,16.814
,,,15.335
,,,13.797
,,,12.362
,,,11.137
,,,10.143
,,,9.349
,,,8.701
,,,9.269
,,,10.792
,,,12.774
,,,14.822
,,,16.568
,,,18.525
,,,20.421
,,,22.045
,,,23.304
,,,24.083
,,,24.422
,,,24.493
,,,24.176
,,,23.275
,,,21.645
,,,18.957
,,,16.378
,,,14.959
,,,13.459
,,,12.114
,,,11.034
,,,10.3
,,,9.87
,,,9.565
,,,10.067
,,,11.342
,,,13.295
,,,15.484
,,,17.688
,,,19.912
,,,22.074
,,,23.666
,,,24.508
,,,24.929
,,,24.999
,,,24.871
,,,24.428
,,,23.564
,,,22.14
,,,19.769
,,,17.259
,,,15.83
,,,14.473
,,,13.261
,,,12.283
,,,11.544
,,,10.907
,,,10.283
,,,10.303
,,,11.469
,,,13.52
,,,15.784
,,,17.713
,,,19.692
,,,21.596
,,,22.916
,,,23.836
,,,24.417
,,,24.636
,,,24.604
,,,24.224
,,,23.318
,,,21.777
,,,19.35
,,,16.951
,,,15.422
,,,14.009
,,,12.814
,,,11.829
,,,11.132
,,,10.684
,,,10.371
,,,10.787
,,,12.257
,,,14.239
,,,16.132
,,,17.925
,,,19.86
,,,21.849
,,,23.536
,,,24.8
,,,25.578
,,,25.882
,,,25.812
,,,25.267
,,,24.187
,,,22.504
,,,19.986
,,,17.552
,,,16.351
,,,15.22
,,,14.176
,,,13.307
,,,12.62
,,,12.145
,,,11.825
,,,12.122
,,,13.244
,,,15.123
,,,17.733
,,,19.801
,,,22.198
,,,24.496
,,,26.32
,,,27.381
,,,27.83
,,,27.724
,,,27.098
,,,26.021
,,,24.511
,,,22.803
,,,21.169
,,,19.762
,,,18.514
,,,17.381
,,,16.256
,,,15.204
,,,14.309
,,,13.58
,,,13.039
,,,13.051
,,,13.947
,,,15.832
,,,18.858
,,,21.484
,,,23.481
,,,24.604
,,,25.358
,,,25.856
,,,26.112
,,,26.066
,,,25.712
,,,24.918
,,,23.633
,,,21.786
,,,19.25
,,,16.7
,,,15.292
,,,14.041
,,,13
,,,12.227
,,,11.646
,,,11.179
,,,10.814
,,,11.066
,,,12.446
,,,14.879
,,,17.455
,,,19.606
,,,21.332
,,,22.616
,,,23.548
,,,24.238
,,,24.628
,,,24.782
,,,24.608
,,,24.045
,,,23.039
,,,21.387
,,,18.812
,,,16.472
,,,15.365
,,,14.163
,,,13.127
,,,12.283
,,,11.622
,,,11.052
,,,10.66
,,,11.057
,,,12.242
,,,14.245
,,,16.148
,,,18.128
,,,20.182
,,,22.016
,,,23.43
,,,24.216
,,,24.517
,,,24.232
,,,23.796
,,,23.461
,,,23.235
,,,22.744
,,,21.145
,,,19.712
,,,18.905
,,,18.027
,,,17.116
,,,16.189
,,,15.609
,,,15.176
,,,14.888
,,,15.238
,,,16.375
,,,17.735
,,,19.88
,,,21.795
,,,23.393
,,,24.703
,,,25.658
,,,26.241
,,,26.609
,,,26.835
,,,26.963
,,,26.704
,,,26.043
,,,24.729
,,,21.728
,,,19.494
,,,18.538
,,,17.635
,,,16.67
,,,15.721
,,,14.89
,,,14.202
,,,13.651
,,,13.988
,,,15.41
,,,17.244
,,,19.264
,,,21.512
,,,23.532
,,,24.918
,,,25.916
,,,26.462
,,,26.479
,,,26.209
,,,26.018
,,,25.934
,,,25.701
,,,24.669
,,,21.926
,,,19.828
,,,18.524
,,,17.504
,,,16.599
,,,15.71
,,,14.931
,,,14.271
,,,13.775
,,,14.254
,,,15.648
,,,17.327
,,,20.391
,,,22.505
,,,23.939
,,,25.23
,,,26.264
,,,26.979
,,,27.406
,,,27.512
,,,27.4
,,,26.927
,,,26.092
,,,24.743
,,,21.942
,,,19.602
,,,18.607
,,,17.72
,,,16.859
,,,16.072
,,,15.377
,,,14.811
,,,14.36
,,,14.695
,,,16.767
,,,18.476
,,,21.779
,,,23.858
,,,25.186
,,,26.253
,,,27.137
,,,27.76
,,,28.128
,,,28.19
,,,27.993
,,,27.56
,,,26.781
,,,25.479
,,,22.97
,,,20.797
,,,19.823
,,,18.856
,,,17.843
,,,16.973
,,,16.384
,,,15.965
,,,15.616
,,,15.815
,,,17.631
,,,19.419
,,,22.52
,,,24.362
,,,25.592
,,,26.397
,,,26.773
,,,26.762
,,,26.614
,,,26.213
,,,25.83
,,,25.228
,,,24.354
,,,23.16
,,,21.394
,,,19.51
,,,17.969
,,,16.752
,,,15.83
,,,15.038
,,,14.322
,,,13.638
,,,12.944
,,,12.785
,,,13.805
,,,15.126
,,,16.499
,,,17.943
,,,19.201
,,,20.319
,,,21.242
,,,21.957
,,,22.422
,,,22.629
,,,22.538
,,,22.141
,,,21.446
,,,20.401
,,,18.694
,,,16.461
,,,15.439
,,,14.554
,,,13.669
,,,12.84
,,,12.115
,,,11.497
,,,10.97
,,,11.329
,,,12.82
,,,14.581
,,,16.43
,,,18.459
,,,20.492
,,,21.922
,,,22.875
,,,23.465
,,,23.819
,,,23.769
,,,23.601
,,,23.131
,,,22.227
,,,21.172
,,,19.578
,,,17.944
,,,16.968
,,,15.95
,,,14.983
,,,14.079
,,,13.2
,,,12.477
,,,11.891
,,,12.159
,,,13.472
,,,15.309
,,,17.331
,,,19.548
,,,21.229
,,,22.487
,,,23.394
,,,23.876
,,,24.059
,,,23.814
,,,23.575
,,,23.234
,,,22.76
,,,21.873
,,,19.984
,,,18.268
,,,17.453
,,,16.641
,,,15.839
,,,15.111
,,,14.484
,,,13.952
,,,13.456
,,,13.635
,,,15.182
,,,17.052
,,,18.921
,,,20.519
,,,21.968
,,,23.105
,,,23.711
,,,23.833
,,,23.974
,,,24.171
,,,24.052
,,,23.591
,,,23.064
,,,22.308
,,,20.626
,,,18.966
,,,17.842
,,,16.718
,,,15.77
,,,14.97
,,,14.31
,,,13.742
,,,13.375
,,,13.623
,,,15.269
,,,16.933
,,,19.944
,,,21.798
,,,23.251
,,,24.48
,,,25.523
,,,26.327
,,,26.89
,,,27.127
,,,27.078
,,,26.702
,,,25.94
,,,24.352
,,,21.216
,,,18.796
,,,17.698
,,,16.653
,,,15.701
,,,14.858
,,,14.123
,,,13.502
,,,12.938
,,,13.036
,,,15.097
,,,17.215
,,,20.138
,,,21.939
,,,23.423
,,,24.75
,,,25.852
,,,26.73
,,,27.28
,,,27.51
,,,27.411
,,,26.959
,,,26.033
,,,24.417
,,,21.417
,,,19.243
,,,18.327
,,,17.422
,,,16.6
,,,15.83
,,,15.132
,,,14.475
,,,13.868
,,,13.95
,,,16.142
,,,18.041
,,,21.271
,,,23.166
,,,24.462
,,,25.494
,,,26.265
,,,26.704
,,,26.691
,,,26.448
,,,26.262
,,,25.736
,,,24.751
,,,23.126
,,,20.916
,,,18.948
,,,17.411
,,,16.155
,,,15.261
,,,14.517
,,,13.688
,,,12.747
,,,11.867
,,,11.65
,,,13.009
,,,15.476
,,,17.619
,,,19.351
,,,20.773
,,,21.846
,,,22.829
,,,23.3
,,,23.226
,,,23.04
,,,22.431
,,,21.402
,,,20.64
,,,19.831
,,,18.371
,,,16.632
,,,15.534
,,,14.666
,,,14.043
,,,13.571
,,,13.104
,,,12.749
,,,12.513
,,,12.765
,,,14.466
,,,16.613
,,,18.611
,,,20.106
,,,21.407
,,,22.3
,,,23.357
,,,24.223
,,,24.691
,,,24.928
,,,24.944
,,,24.447
,,,23.678
,,,22.517
,,,20.692
,,,19.395
,,,18.618
,,,17.797
,,,17.142
,,,16.654
,,,16.149
,,,15.735
,,,15.392
,,,15.239
,,,16.259
,,,17.76
,,,20.08
,,,21.221
,,,22.067
,,,22.869
,,,23.645
,,,24.395
,,,25.129
,,,25.655
,,,25.76
,,,25.742
,,,25.236
,,,24.174
,,,22.58
,,,21.013
,,,19.582
,,,18.605
,,,17.688
,,,16.837
,,,16.168
,,,15.442
,,,14.885
,,,14.705
,,,16.361
,,,18.213
,,,20.688
,,,22.431
,,,23.697
,,,24.334
,,,24.445
,,,24.302
,,,24.178
,,,23.767
,,,23.04
,,,22.265
,,,21.511
,,,20.583
,,,19.361
,,,18.215
,,,17.405
,,,16.721
,,,16.165
,,,15.695
,,,15.119
,,,14.562
,,,14.489
,,,14.643
,,,15.673
,,,17.075
,,,18.948
,,,21.022
,,,22.665
,,,23.724
,,,24.694
,,,25.454
,,,25.764
,,,25.849
,,,25.618
,,,25.07
,,,24.111
,,,22.921
,,,21.178
,,,19.815
,,,19.018
,,,18.087
,,,17.162
,,,16.25
,,,15.547
,,,15
,,,14.624
,,,14.877
,,,16.076
,,,17.322
,,,18.886
,,,20.397
,,,21.956
,,,23.682
,,,25.464
,,,26.688
,,,27.451
,,,27.697
,,,27.625
,,,27.165
,,,26.44
,,,25.413
,,,23.356
,,,22.307
,,,22.041
,,,21.439
,,,20.595
,,,19.665
,,,18.931
,,,18.375
,,,17.806
,,,17.535
,,,18.616
,,,20.531
,,,22.744
,,,24.762
,,,26.389
,,,27.721
,,,28.818
,,,29.626
,,,30.117
,,,30.184
,,,29.771
,,,28.963
,,,27.748
,,,26.037
,,,23.336
,,,21.232
,,,20.186
,,,19.131
,,,18.163
,,,17.37
,,,16.76
,,,16.217
,,,15.594
,,,15.437
,,,17.19
,,,18.952
,,,20.658
,,,22.199
,,,23.78
,,,25.25
,,,26.519
,,,27.531
,,,28.169
,,,28.374
,,,28.201
,,,27.614
,,,26.57
,,,24.915
,,,21.96
,,,19.999
,,,19.051
,,,18.099
,,,17.201
,,,16.438
,,,15.787
,,,15.216
,,,14.696
,,,14.357
,,,15.258
,,,17.156
,,,19.644
,,,21.618
,,,23.228
,,,24.643
,,,25.903
,,,26.816
,,,27.423
,,,27.684
,,,27.736
,,,27.487
,,,26.843
,,,25.312
,,,22.222
,,,20.399
,,,19.426
,,,18.581
,,,17.901
,,,17.561
,,,17.394
,,,17.037
,,,16.324
,,,16.041
,,,17.913
,,,19.784
,,,23.286
,,,25.971
,,,27.413
,,,28.697
,,,30.072
,,,31.25
,,,31.947
,,,31.998
,,,31.44
,,,30.445
,,,28.914
,,,26.902
,,,24.8
,,,22.879
,,,21.511
,,,20.427
,,,19.697
,,,19.422
,,,19.106
,,,18.689
,,,18.06
,,,17.729
,,,18.353
,,,19.601
,,,22.002
,,,23.913
,,,25.632
,,,27.241
,,,28.482
,,,29.198
,,,29.375
,,,29.168
,,,28.448
,,,27.11
,,,24.504
,,,21.854
,,,20.04
,,,19.053
,,,18.524
,,,18.132
,,,17.811
,,,17.543
,,,17.341
,,,17.01
,,,16.585
,,,16.197
,,,16.372
,,,16.724
,,,16.551
,,,16.926
,,,17.803
,,,18.398
,,,18.662
,,,19.298
,,,19.882
,,,19.895
,,,19.707
,,,19.215
,,,18.221
,,,16.99
,,,15.755
,,,14.803
,,,14.339
,,,14.255
,,,14.218
,,,14.222
,,,14.068
,,,13.931
,,,13.916
,,,14.005
,,,14.567
,,,15.291
,,,15.835
,,,16.272
,,,16.763
,,,17.409
,,,18.864
,,,20.674
,,,22.19
,,,23.367
,,,23.434
,,,22.603
,,,20.913
,,,19.401
,,,18.281
,,,17.321
,,,16.776
,,,16.405
,,,15.948
,,,15.627
,,,15.52
,,,15.392
,,,15.275
,,,15.384
,,,16.237
,,,17.238
,,,17.963
,,,18.396
,,,20.139
,,,22.547
,,,23.879
,,,24.284
,,,22.382
,,,21.514
,,,21.874
,,,21.765
,,,21.05
,,,19.674
,,,17.756
,,,16.531
,,,15.97
,,,15.545
,,,15.131
,,,14.407
,,,13.372
,,,12.736
,,,12.405
,,,12.645
,,,13.938
,,,15.126
,,,16.622
,,,18.37
,,,19.952
,,,21.422
,,,22.619
,,,23.51
,,,24.049
,,,24.306
,,,24.186
,,,23.681
,,,22.714
,,,21.042
,,,18.083
,,,16.364
,,,15.391
,,,14.561
,,,13.869
,,,13.34
,,,12.88
,,,12.667
,,,12.531
,,,12.183
,,,13.754
,,,15.875
,,,17.933
,,,19.505
,,,20.944
,,,22.25
,,,23.439
,,,24.391
,,,25.048
,,,25.279
,,,25.139
,,,24.362
,,,23.275
,,,21.837
,,,19.464
,,,18.019
,,,16.977
,,,15.958
,,,15.194
,,,14.489
,,,13.963
,,,13.518
,,,13.202
,,,13.137
,,,14.505
,,,16.615
,,,18.899
,,,21.042
,,,23.237
,,,25.012
,,,26.404
,,,27.471
,,,28.211
,,,28.555
,,,28.566
,,,28.204
,,,27.321
,,,25.74
,,,22.633
,,,20.933
,,,19.995
,,,19.127
,,,18.307
,,,17.594
,,,17.027
,,,16.552
,,,16.082
,,,15.786
,,,17.547
,,,19.467
,,,21.994
,,,24.433
,,,26.188
,,,27.598
,,,28.745
,,,29.556
,,,30.018
,,,29.99
,,,29.561
,,,28.623
,,,27.303
,,,25.585
,,,23.376
,,,21.825
,,,20.942
,,,20.268
,,,19.657
,,,18.928
,,,18.197
,,,17.55
,,,16.809
,,,16.174
,,,16.577
,,,18.033
,,,19.907
,,,21.553
,,,22.933
,,,23.785
,,,24.433
,,,25.444
,,,26.446
,,,26.806
,,,26.729
,,,26.248
,,,25.329
,,,23.547
,,,20.444
,,,19.243
,,,18.41
,,,17.278
,,,16.26
,,,15.408
,,,14.725
,,,14.224
,,,13.955
,,,13.905
,,,15.574
,,,17.644
,,,20.32
,,,22.626
,,,24.341
,,,25.809
,,,27.093
,,,28.147
,,,28.877
,,,29.264
,,,29.36
,,,29.005
,,,28.161
,,,25.739
,,,22.462
,,,20.643
,,,19.352
,,,18.171
,,,17.219
,,,16.421
,,,15.745
,,,15.178
,,,14.763
,,,14.504
,,,15.949
,,,17.77
,,,20.899
,,,23.152
,,,24.395
,,,25.409
,,,26.496
,,,27.58
,,,28.476
,,,28.945
,,,28.994
,,,28.581
,,,27.558
,,,24.772
,,,21.434
,,,19.995
,,,19.359
,,,18.829
,,,18.21
,,,17.356
,,,16.674
,,,16.35
,,,15.779
,,,14.985
,,,15.998
,,,17.364
,,,19.748
,,,21.697
,,,23.568
,,,25.293
,,,26.602
,,,27.598
,,,28.113
,,,28.076
,,,27.676
,,,26.803
,,,25.216
,,,22.988
,,,20.666
,,,19.183
,,,17.958
,,,16.891
,,,15.729
,,,14.515
,,,13.577
,,,12.966
,,,12.408
,,,11.849
,,,12.593
,,,14.625
,,,16.682
,,,18.302
,,,19.787
,,,21.06
,,,21.972
,,,22.526
,,,22.897
,,,22.886
,,,22.376
,,,21.601
,,,20.453
,,,19.236
,,,17.412
,,,16.511
,,,15.912
,,,15.086
,,,14.433
,,,14.032
,,,13.692
,,,13.374
,,,13.118
,,,12.581
,,,12.944
,,,13.82
,,,14.989
,,,15.886
,,,17.078
,,,18.054
,,,18.465
,,,18.542
,,,18.443
,,,18.306
,,,18.115
,,,17.946
,,,17.593
,,,16.729
,,,15.134
,,,14.424
,,,13.468
,,,12.521
,,,11.747
,,,11.231
,,,10.793
,,,10.455
,,,10.195
,,,10.025
,,,10.85
,,,12.676
,,,15.217
,,,16.718
,,,17.279
,,,16.806
,,,16.557
,,,16.7
,,,17.493
,,,17.754
,,,17.86
,,,17.783
,,,17.262
,,,15.767
,,,12.878
,,,11.613
,,,10.832
,,,10.079
,,,9.392
,,,8.815
,,,8.327
,,,7.925
,,,7.631
,,,7.412
,,,8.866
,,,11.415
,,,14.515
,,,16.921
,,,18.39
,,,19.745
,,,20.678
,,,21.187
,,,21.234
,,,20.975
,,,20.522
,,,19.825
,,,18.737
,,,17.472
,,,16.423
,,,15.879
,,,15.768
,,,15.833
,,,15.936
,,,16.002
,,,15.995
,,,15.883
,,,15.43
,,,14.777
,,,14.359
,,,14.361
,,,14.725
,,,15.2
,,,15.621
,,,16.18
,,,16.665
,,,17.088
,,,17.818
,,,18.587
,,,18.968
,,,18.7
,,,18.184
,,,17.507
,,,16.763
,,,16.402
,,,16.079
,,,15.723
,,,15.205
,,,14.755
,,,14.505
,,,14.334
,,,14.121
,,,13.965
,,,14.342
,,,15.094
,,,16.15
,,,17.464
,,,19.097
,,,20.95
,,,22.219
,,,23.011
,,,23.38
,,,23.366
,,,23.149
,,,22.581
,,,21.486
,,,20.041
,,,18.197
,,,16.959
,,,15.875
,,,14.981
,,,14.212
,,,13.446
,,,12.806
,,,12.272
,,,11.823
,,,11.529
,,,13.004
,,,14.938
,,,17.348
,,,19.233
,,,20.676
,,,22.215
,,,23.377
,,,24.122
,,,24.645
,,,24.596
,,,24.216
,,,23.464
,,,22.246
,,,20.59
,,,18.641
,,,17.376
,,,16.477
,,,15.865
,,,15.33
,,,14.89
,,,14.609
,,,14.465
,,,14.501
,,,14.514
,,,15.035
,,,16.302
,,,18.138
,,,19.944
,,,21.491
,,,22.739
,,,23.866
,,,24.826
,,,25.428
,,,25.492
,,,25.113
,,,24.328
,,,23.083
,,,21.469
,,,19.641
,,,18.345
,,,17.31
,,,16.64
,,,16.196
,,,15.929
,,,15.803
,,,15.775
,,,15.969
,,,16.135
,,,16.349
,,,16.578
,,,16.719
,,,16.603
,,,16.423
,,,16.387
,,,16.73
,,,17.338
,,,18.314
,,,19.502
,,,20.098
,,,19.851
,,,18.755
,,,16.949
,,,14.279
,,,13.281
,,,12.734
,,,12.327
,,,11.692
,,,10.99
,,,10.34
,,,9.826
,,,9.531
,,,9.508
,,,10.732
,,,12.477
,,,14.219
,,,16.43
,,,17.678
,,,18.994
,,,20.31
,,,21.398
,,,21.994
,,,21.507
,,,20.047
,,,19.021
,,,17.991
,,,17.069
,,,16.053
,,,15.293
,,,14.653
,,,14.193
,,,13.802
,,,13.561
,,,13.482
,,,13.569
,,,13.844
,,,13.98
,,,14.425
,,,15.631
,,,17.3
,,,19.078
,,,20.547
,,,21.629
,,,22.63
,,,23.349
,,,23.807
,,,24.025
,,,23.962
,,,23.527
,,,22.555
,,,21.039
,,,19.188
,,,18.292
,,,17.605
,,,17.061
,,,16.569
,,,16.188
,,,15.937
,,,15.795
,,,15.582
,,,15.4
,,,15.545
,,,16.528
,,,18.033
,,,19.735
,,,21.335
,,,22.761
,,,24.373
,,,25.425
,,,25.924
,,,25.641
,,,25.052
,,,24.242
,,,23.092
,,,21.48
,,,19.569
,,,18.708
,,,17.938
,,,17.269
,,,16.752
,,,16.324
,,,15.918
,,,15.516
,,,15.246
,,,14.929
,,,15.564
,,,17.149
,,,19.1
,,,20.893
,,,22.45
,,,23.599
,,,24.66
,,,25.544
,,,25.963
,,,25.886
,,,25.544
,,,24.638
,,,23.252
,,,21.553
,,,19.792
,,,18.876
,,,18.097
,,,17.445
,,,16.927
,,,16.522
,,,16.155
,,,15.875
,,,15.534
,,,14.96
,,,15.247
,,,16.506
,,,17.966
,,,19.373
,,,21.084
,,,22.602
,,,23.851
,,,24.809
,,,25.446
,,,25.717
,,,25.59
,,,25.049
,,,23.968
,,,21.512
,,,19.011
,,,18.293
,,,17.688
,,,16.95
,,,16.199
,,,15.532
,,,14.896
,,,14.387
,,,13.959
,,,13.719
,,,14.455
,,,15.953
,,,17.948
,,,19.84
,,,21.555
,,,22.954
,,,24.173
,,,25.103
,,,25.705
,,,25.746
,,,25.31
,,,24.372
,,,23.079
,,,21.513
,,,19.875
,,,19.013
,,,18.327
,,,17.666
,,,17.202
,,,16.829
,,,16.476
,,,16.152
,,,16.151
,,,16.197
,,,16.314
,,,16.648
,,,16.799
,,,16.992
,,,17.77
,,,19.118
,,,20.386
,,,21.361
,,,21.954
,,,21.868
,,,20.659
,,,18.708
,,,17.396
,,,16.339
,,,15.229
,,,14.312
,,,13.262
,,,12.125
,,,11.188
,,,10.694
,,,10.364
,,,10.028
,,,9.671
,,,9.339
,,,9.51
,,,10.919
,,,13.046
,,,14.627
,,,15.673
,,,16.497
,,,16.718
,,,16.434
,,,16.152
,,,15.791
,,,14.936
,,,13.944
,,,13.18
,,,12.437
,,,11.75
,,,11.103
,,,10.408
,,,9.69
,,,9.004
,,,8.444
,,,8.039
,,,7.79
,,,7.799
,,,7.722
,,,7.904
,,,9.177
,,,11.322
,,,13.657
,,,15.15
,,,16.338
,,,17.261
,,,17.847
,,,18.133
,,,17.981
,,,17.659
,,,17.166
,,,16.255
,,,14.358
,,,12.792
,,,12.339
,,,12.143
,,,12.018
,,,11.966
,,,11.301
,,,10.406
,,,9.916
,,,9.502
,,,9.379
,,,9.973
,,,10.861
,,,11.563
,,,12.561
,,,13.497
,,,14.201
,,,14.416
,,,14.515
,,,15.278
,,,16.857
,,,18.66
,,,19.433
,,,19.033
,,,17.915
,,,16.861
,,,16.209
,,,15.633
,,,15.302
,,,14.77
,,,14.283
,,,13.762
,,,13.076
,,,12.448
,,,12.074
,,,11.99
,,,12.747
,,,14.386
,,,16.104
,,,17.538
,,,18.724
,,,19.171
,,,19.828
,,,20.191
,,,20.333
,,,19.953
,,,19.345
,,,18.287
,,,16.573
,,,15.167
,,,14.321
,,,13.761
,,,13.081
,,,12.614
,,,12.345
,,,12.142
,,,11.977
,,,11.83
,,,11.768
,,,11.982
,,,13.44
,,,15.232
,,,16.968
,,,18.073
,,,19.215
,,,20.256
,,,21.045
,,,21.608
,,,21.748
,,,21.34
,,,20.35
,,,18.513
,,,16.819
,,,15.711
,,,14.91
,,,14.275
,,,13.796
,,,13.201
,,,12.657
,,,12.297
,,,12.138
,,,11.94
,,,11.182
,,,11.47
,,,12.569
,,,13.615
,,,15.219
,,,16.645
,,,18.161
,,,19.377
,,,20.144
,,,20.333
,,,19.882
,,,19.08
,,,18.027
,,,17.047
,,,15.395
,,,13.192
,,,12.109
,,,11.183
,,,10.393
,,,9.775
,,,9.707
,,,9.553
,,,8.889
,,,7.766
,,,7.274
,,,7.579
,,,9.44
,,,11.309
,,,13.712
,,,15.522
,,,16.571
,,,17.613
,,,18.324
,,,18.683
,,,18.746
,,,18.572
,,,18.09
,,,16.906
,,,14.568
,,,13.444
,,,12.791
,,,11.404
,,,10.409
,,,9.746
,,,9.169
,,,8.689
,,,8.309
,,,8.049
,,,7.822
,,,7.9
,,,10.636
,,,12.812
,,,15.86
,,,17.692
,,,18.985
,,,19.681
,,,20.431
,,,21.243
,,,21.552
,,,21.346
,,,20.897
,,,19.624
,,,16.712
,,,14.896
,,,13.796
,,,12.978
,,,12.146
,,,11.383
,,,10.788
,,,10.298
,,,9.889
,,,9.567
,,,9.296
,,,9.374
,,,12.391
,,,14.762
,,,17.656
,,,20.073
,,,21.648
,,,22.856
,,,23.752
,,,24.278
,,,24.375
,,,24.066
,,,23.316
,,,21.796
,,,18.503
,,,16.632
,,,15.767
,,,14.857
,,,14.007
,,,13.301
,,,12.581
,,,11.842
,,,11.279
,,,10.817
,,,10.386
,,,10.283
,,,12.749
,,,14.951
,,,18.305
,,,20.501
,,,21.948
,,,23.065
,,,23.914
,,,24.449
,,,24.644
,,,24.44
,,,23.839
,,,22.433
,,,19.087
,,,17.015
,,,15.856
,,,14.86
,,,14.055
,,,13.406
,,,12.95
,,,12.613
,,,12.355
,,,12.179
,,,12.106
,,,12.319
,,,14.204
,,,15.813
,,,18.193
,,,20.214
,,,21.479
,,,22.338
,,,22.982
,,,23.374
,,,23.267
,,,22.916
,,,22.065
,,,20.492
,,,18.557
,,,17.149
,,,15.913
,,,14.74
,,,13.752
,,,13.044
,,,12.483
,,,12.032
,,,11.67
,,,11.435
,,,11.375
,,,11.46
,,,12.658
,,,14.117
,,,15.818
,,,17.495
,,,18.945
,,,20.006
,,,20.679
,,,21.116
,,,21.035
,,,20.513
,,,19.632
,,,18.34
,,,16.563
,,,15.297
,,,14.629
,,,14.213
,,,13.765
,,,13.291
,,,12.814
,,,12.348
,,,11.915
,,,11.554
,,,11.204
,,,11.043
,,,11.977
,,,13.472
,,,15.573
,,,17.618
,,,19.054
,,,20.141
,,,20.922
,,,21.335
,,,21.357
,,,20.941
,,,20.01
,,,18.55
,,,15.892
,,,14.462
,,,13.64
,,,12.804
,,,11.953
,,,10.98
,,,10.045
,,,9.203
,,,8.554
,,,8.068
,,,7.742
,,,7.637
,,,9.495
,,,11.7
,,,15.313
,,,17.624
,,,18.805
,,,19.185
,,,18.757
,,,18.05
,,,17.587
,,,17.484
,,,17.237
,,,16.339
,,,14.73
,,,13.68
,,,12.463
,,,10.976
,,,9.563
,,,8.488
,,,7.86
,,,7.515
,,,7.296
,,,7.178
,,,7.084
,,,7.07
,,,8.334
,,,10.347
,,,12.986
,,,14.664
,,,15.916
,,,17.02
,,,17.951
,,,18.5
,,,18.603
,,,18.162
,,,17.233
,,,15.823
,,,13.376
,,,12.054
,,,11.256
,,,10.676
,,,9.606
,,,8.743
,,,8.522
,,,8.764
,,,8.914
,,,9.329
,,,9.832
,,,10.259
,,,10.941
,,,11.861
,,,13.3
,,,14.637
,,,15.605
,,,16.703
,,,18.209
,,,19.322
,,,19.592
,,,19.212
,,,18.457
,,,17.405
,,,15.413
,,,14.426
,,,14.054
,,,13.764
,,,13.605
,,,13.371
,,,13.228
,,,13.158
,,,13.136
,,,12.949
,,,12.798
,,,12.708
,,,13.394
,,,14.909
,,,16.962
,,,18.717
,,,20.071
,,,21.177
,,,21.827
,,,22.024
,,,21.845
,,,21.004
,,,19.51
,,,17.979
,,,16.18
,,,14.594
,,,13.907
,,,13.582
,,,13.36
,,,13.174
,,,13.005
,,,12.595
,,,12.225
,,,11.825
,,,11.205
,,,10.836
,,,11.859
,,,13.143
,,,15.129
,,,16.745
,,,17.947
,,,18.864
,,,19.592
,,,19.943
,,,20.071
,,,20.051
,,,19.538
,,,18.505
,,,16.993
,,,16.303
,,,15.951
,,,15.625
,,,15.22
,,,15.074
,,,15.12
,,,15.181
,,,15.246
,,,15.218
,,,15.207
,,,15.259
,,,15.953
,,,17.112
,,,18.516
,,,19.923
,,,21.137
,,,22.012
,,,22.469
,,,22.593
,,,22.215
,,,21.539
,,,20.612
,,,19.343
,,,17.601
,,,16.511
,,,15.71
,,,15.061
,,,14.495
,,,13.957
,,,13.497
,,,13.085
,,,12.663
,,,12.119
,,,11.452
,,,10.824
,,,10.996
,,,11.693
,,,12.812
,,,13.949
,,,14.64
,,,15.177
,,,15.744
,,,16.148
,,,16.395
,,,16.465
,,,16.211
,,,15.171
,,,13.609
,,,13.156
,,,12.309
,,,11.193
,,,10.182
,,,9.171
,,,8.305
,,,7.602
,,,6.991
,,,6.488
,,,6.077
,,,5.77
,,,7.716
,,,10.254
,,,13.513
,,,15.933
,,,17.198
,,,18.188
,,,18.911
,,,19.289
,,,19.256
,,,18.774
,,,17.789
,,,15.969
,,,12.82
,,,11.802
,,,11.421
,,,11.127
,,,10.682
,,,9.93
,,,9.214
,,,8.731
,,,8.427
,,,8.284
,,,8.331
,,,8.761
,,,9.836
,,,11.379
,,,13.224
,,,14.676
,,,15.602
,,,15.954
,,,16.157
,,,16.541
,,,17.58
,,,17.674
,,,17.191
,,,16.065
,,,14.438
,,,13.11
,,,12.322
,,,11.772
,,,11.357
,,,10.978
,,,10.643
,,,10.485
,,,10.01
,,,9.738
,,,9.386
,,,9.144
,,,10.462
,,,12.384
,,,14.72
,,,16.787
,,,18.216
,,,19.072
,,,19.575
,,,19.978
,,,20.323
,,,20.08
,,,19.185
,,,17.539
,,,15.534
,,,14.608
,,,13.992
,,,13.499
,,,13.056
,,,12.686
,,,12.437
,,,12.277
,,,12.167
,,,12.185
,,,12.398
,,,12.653
,,,13.259
,,,14.444
,,,16.006
,,,17.684
,,,19.252
,,,20.814
,,,22.066
,,,22.826
,,,22.996
,,,22.601
,,,21.667
,,,20.23
,,,18.297
,,,17.167
,,,16.326
,,,15.802
,,,15.464
,,,15.156
,,,14.944
,,,14.887
,,,14.864
,,,14.89
,,,14.967
,,,15.132
,,,15.798
,,,17.086
,,,18.671
,,,20.276
,,,21.615
,,,22.708
,,,23.607
,,,24.011
,,,23.924
,,,23.301
,,,22.073
,,,20.021
,,,17.177
,,,16.258
,,,15.564
,,,15.11
,,,15
,,,14.94
,,,14.806
,,,14.778
,,,15.304
,,,16.018
,,,15.999
,,,15.86
,,,16.136
,,,16.767
,,,17.206
,,,17.544
,,,18.689
,,,20.071
,,,21.271
,,,22.018
,,,22.126
,,,21.652
,,,20.693
,,,19.281
,,,17.542
,,,16.337
,,,15.627
,,,15.322
,,,15.132
,,,15.107
,,,15.258
,,,15.15
,,,14.886
,,,14.795
,,,14.764
,,,14.786
,,,15.133
,,,16.212
,,,17.713
,,,19.274
,,,20.841
,,,21.869
,,,22.575
,,,22.739
,,,22.112
,,,20.853
,,,19.465
,,,17.959
,,,16.526
,,,15.497
,,,14.819
,,,14.209
,,,13.65
,,,13.447
,,,13.378
,,,13.397
,,,13.582
,,,13.959
,,,14.414
,,,14.767
,,,15.208
,,,15.866
,,,16.654
,,,17.599
,,,18.911
,,,20.07
,,,20.132
,,,19.658
,,,19.161
,,,18.914
,,,18.79
,,,18.251
,,,17.543
,,,17.156
,,,16.958
,,,16.91
,,,16.929
,,,16.939
,,,16.326
,,,12.71
,,,9.654
,,,9.002
,,,8.543
,,,8.084
,,,8.222
,,,9.597
,,,11.383
,,,12.89
,,,13.744
,,,14.243
,,,14.457
,,,14.85
,,,15.132
,,,15.202
,,,14.721
,,,13.721
,,,12.331
,,,11.403
,,,10.465
,,,9.83
,,,9.334
,,,9.01
,,,9.225
,,,9.249
,,,9.231
,,,9.252
,,,9.343
,,,9.272
,,,9.499
,,,10.564
,,,11.313
,,,12.145
,,,12.894
,,,13.143
,,,12.658
,,,12.481
,,,12.633
,,,12.178
,,,11.435
,,,10.635
,,,10.082
,,,9.817
,,,9.577
,,,9.378
,,,9.186
,,,8.991
,,,8.844
,,,8.738
,,,8.691
,,,8.648
,,,8.578
,,,8.43
,,,8.184
,,,7.619
,,,7.077
,,,7.796
,,,8.941
,,,10.179
,,,12.21
,,,13.183
,,,13.684
,,,13.603
,,,12.926
,,,11.359
,,,9.057
,,,7.802
,,,7.153
,,,6.462
,,,5.786
,,,5.272
,,,4.868
,,,4.703
,,,4.848
,,,5.002
,,,5.101
,,,5.334
,,,5.26
,,,6.788
,,,9.482
,,,11.858
,,,13.251
,,,14.313
,,,15.048
,,,15.367
,,,15.365
,,,15.019
,,,14.131
,,,11.318
,,,8.949
,,,8.209
,,,7.598
,,,7.118
,,,6.681
,,,6.248
,,,5.919
,,,5.946
,,,5.804
,,,5.258
,,,4.32
,,,3.689
,,,4.226
,,,6.849
,,,8.991
,,,12.694
,,,14.769
,,,15.899
,,,16.736
,,,17.275
,,,17.419
,,,17.04
,,,16.014
,,,13.197
,,,10.725
,,,10.104
,,,9.26
,,,8.539
,,,8.023
,,,7.635
,,,7.312
,,,7.035
,,,6.824
,,,6.657
,,,6.505
,,,6.401
,,,6.902
,,,9.406
,,,12.017
,,,14.768
,,,16.867
,,,18.616
,,,20.02
,,,20.951
,,,21.457
,,,21.351
,,,20.488
,,,17.476
,,,15.073
,,,13.999
,,,13.163
,,,12.448
,,,11.837
,,,11.318
,,,10.845
,,,10.309
,,,9.67
,,,8.926
,,,8.152
,,,7.442
,,,7.425
,,,10.371
,,,12.442
,,,15.592
,,,17.969
,,,19.78
,,,20.944
,,,21.537
,,,21.517
,,,20.885
,,,19.136
,,,15.479
,,,13.216
,,,12.478
,,,11.679
,,,10.994
,,,10.468
,,,10.15
,,,10.006
,,,10.129
,,,10.085
,,,10.172
,,,10.015
,,,9.63
,,,9.317
,,,9.676
,,,11.022
,,,12.749
,,,14.216
,,,15.169
,,,15.771
,,,16.072
,,,15.982
,,,15.495
,,,14.503
,,,11.58
,,,9.169
,,,8.434
,,,7.571
,,,6.75
,,,6.614
,,,6.495
,,,6.024
,,,5.542
,,,5.187
,,,4.914
,,,4.646
,,,4.356
,,,4.378
,,,6.685
,,,8.547
,,,12.043
,,,13.897
,,,15.025
,,,15.899
,,,16.411
,,,16.493
,,,16.167
,,,15.167
,,,11.939
,,,9.864
,,,9.012
,,,8.383
,,,7.745
,,,6.953
,,,6.166
,,,5.512
,,,5.177
,,,5.383
,,,5.962
,,,6.361
,,,6.544
,,,6.808
,,,8.153
,,,10.04
,,,11.769
,,,12.206
,,,12.23
,,,12.553
,,,13.589
,,,14.195
,,,13.947
,,,12.907
,,,11.121
,,,9.798
,,,9.13
,,,8.22
,,,7.255
,,,6.75
,,,6.507
,,,6.111
,,,5.805
,,,5.4
,,,5.587
,,,5.646
,,,5.675
,,,5.586
,,,5.908
,,,7.165
,,,10.03
,,,12.028
,,,13.205
,,,14.049
,,,14.612
,,,14.769
,,,14.451
,,,13.573
,,,10.85
,,,9.326
,,,9.477
,,,9.474
,,,9.373
,,,8.869
,,,8.369
,,,8.469
,,,8.641
,,,8.877
,,,9.279
,,,9.771
,,,10.323
,,,10.976
,,,12.25
,,,13.665
,,,15.029
,,,16.3
,,,17.391
,,,18.335
,,,18.925
,,,18.775
,,,18.244
,,,17.226
,,,15.697
,,,14.28
,,,13.517
,,,12.781
,,,12.254
,,,11.854
,,,11.25
,,,10.76
,,,10.182
,,,9.567
,,,9.079
,,,8.759
,,,8.737
,,,9.177
,,,11.344
,,,13.191
,,,15.156
,,,16.567
,,,17.627
,,,18.469
,,,18.866
,,,18.994
,,,18.778
,,,18.042
,,,15.517
,,,13.735
,,,12.893
,,,12.13
,,,11.448
,,,10.918
,,,10.367
,,,9.876
,,,9.544
,,,9.387
,,,9.374
,,,9.288
,,,9.207
,,,9.303
,,,10.816
,,,12.298
,,,14.2
,,,16.121
,,,17.987
,,,19.348
,,,20.113
,,,20.26
,,,19.801
,,,18.521
,,,15.183
,,,13.352
,,,12.492
,,,11.485
,,,10.695
,,,10.268
,,,10.147
,,,10.087
,,,9.931
,,,9.798
,,,9.707
,,,9.573
,,,9.653
,,,9.866
,,,11.942
,,,13.873
,,,15.692
,,,17.548
,,,19.043
,,,19.918
,,,20.319
,,,20.284
,,,19.809
,,,18.348
,,,15.689
,,,14.639
,,,13.985
,,,13.341
,,,12.833
,,,11.947
,,,11.658
,,,11.302
,,,10.754
,,,10.48
,,,10.144
,,,9.767
,,,9.365
,,,8.942
,,,8.368
,,,7.613
,,,7.069
,,,6.887
,,,6.89
,,,7.028
,,,7.261
,,,7.549
,,,7.832
,,,7.955
,,,7.444
,,,6.652
,,,6.076
,,,5.705
,,,5.327
,,,4.812
,,,4.063
,,,3.442
,,,2.85
,,,2.354
,,,1.867
,,,1.277
,,,0.874
,,,1.023
,,,2.941
,,,4.227
,,,6.49
,,,10.466
,,,12.265
,,,12.996
,,,12.961
,,,12.598
,,,11.905
,,,10.852
,,,8.309
,,,7.263
,,,7.484
,,,7.823
,,,7.778
,,,7.226
,,,7.005
,,,6.971
,,,7.039
,,,7.139
,,,7.297
,,,7.663
,,,8.048
,,,8.381
,,,9.533
,,,11.182
,,,13.272
,,,14.913
,,,15.93
,,,16.723
,,,17.227
,,,17.316
,,,16.887
,,,15.671
,,,12.943
,,,12.041
,,,11.754
,,,11.049
,,,9.81
,,,9.344
,,,8.973
,,,8.755
,,,8.637
,,,8.71
,,,8.89
,,,8.868
,,,8.826
,,,8.73
,,,9.927
,,,11.768
,,,14.371
,,,16.572
,,,18.187
,,,19.381
,,,20.077
,,,20.184
,,,19.605
,,,17.64
,,,13.845
,,,12.285
,,,11.321
,,,10.378
,,,9.596
,,,9.04
,,,8.755
,,,8.714
,,,8.887
,,,9.138
,,,9.359
,,,9.509
,,,9.672
,,,9.878
,,,11.586
,,,13.203
,,,15.486
,,,18.586
,,,20.869
,,,22.235
,,,22.937
,,,22.973
,,,22.178
,,,19.767
,,,16.685
,,,15.389
,,,14.022
,,,13.192
,,,12.832
,,,12.733
,,,12.73
,,,12.762
,,,13.188
,,,13.499
,,,13.78
,,,13.781
,,,13.595
,,,13.335
,,,13.781
,,,15.008
,,,16.623
,,,18.419
,,,19.561
,,,20.329
,,,19.307
,,,17.416
,,,16.099
,,,15.414
,,,15.007
,,,14.456
,,,13.464
,,,12.606
,,,11.825
,,,11.121
,,,11.051
,,,11.655
,,,12.292
,,,12.448
,,,12.624
,,,12.889
,,,13.102
,,,13.235
,,,13.779
,,,14.931
,,,16.093
,,,17.234
,,,18.544
,,,19.328
,,,19.531
,,,19.526
,,,19.488
,,,19.312
,,,18.819
,,,18.389
,,,18.03
,,,17.586
,,,17.175
,,,16.915
,,,16.817
,,,16.852
,,,16.945
,,,17.054
,,,17.045
,,,16.772
,,,16.476
,,,16.038
,,,15.906
,,,16.84
,,,18.992
,,,21.259
,,,22.537
,,,22.848
,,,22.652
,,,22.211
,,,21.461
,,,20.372
,,,19.139
,,,18.373
,,,17.789
,,,17.241
,,,16.563
,,,15.719
,,,14.669
,,,13.707
,,,13.453
,,,13.368
,,,13.045
,,,12.538
,,,12.139
,,,11.895
,,,11.808
,,,11.989
,,,12.311
,,,12.14
,,,11.516
,,,11.048
,,,10.756
,,,10.362
,,,9.798
,,,9.269
,,,8.907
,,,8.722
,,,8.594
,,,8.513
,,,8.486
,,,8.498
,,,8.554
,,,8.626
,,,8.736
,,,8.961
,,,9.107
,,,9.175
,,,9.192
,,,9.184
,,,9.343
,,,9.807
,,,10.417
,,,11.153
,,,11.985
,,,12.746
,,,13.352
,,,13.725
,,,13.641
,,,12.948
,,,11.91
,,,11.462
,,,11.092
,,,10.735
,,,10.329
,,,9.975
,,,9.818
,,,9.798
,,,9.761
,,,9.839
,,,9.799
,,,9.676
,,,9.55
,,,9.631
,,,11.337
,,,13.793
,,,15.346
,,,16.833
,,,17.948
,,,18.475
,,,18.381
,,,17.949
,,,17.172
,,,15.966
,,,14.602
,,,13.807
,,,12.859
,,,11.953
,,,11.379
,,,10.937
,,,10.535
,,,10.255
,,,10.155
,,,10.111
,,,10.1
,,,10.128
,,,10.294
,,,10.453
,,,10.835
,,,11.484
,,,12.009
,,,12.698
,,,13.481
,,,14.029
,,,14.347
,,,14.471
,,,14.305
,,,13.212
,,,11.493
,,,10.993
,,,10.751
,,,10.572
,,,10.398
,,,9.969
,,,9.502
,,,9.092
,,,8.675
,,,8.315
,,,7.918
,,,7.71
,,,7.644
,,,7.538
,,,7.941
,,,9.174
,,,10.869
,,,12.415
,,,13.679
,,,14.391
,,,14.694
,,,14.553
,,,13.962
,,,12.032
,,,9.331
,,,8.544
,,,7.917
,,,7.12
,,,6.259
,,,5.445
,,,5.003
,,,5.233
,,,5.79
,,,6.093
,,,6.104
,,,6.07
,,,5.986
,,,5.883
,,,5.987
,,,6.654
,,,8.326
,,,10.659
,,,13.526
,,,14.824
,,,15.345
,,,15.372
,,,14.863
,,,13.046
,,,11.757
,,,11.549
,,,10.466
,,,9.687
,,,9.435
,,,8.933
,,,8.117
,,,8.049
,,,8.114
,,,8.216
,,,8.045
,,,7.931
,,,7.588
,,,7.035
,,,7.555
,,,9.595
,,,11.502
,,,14.006
,,,15.472
,,,16.441
,,,16.891
,,,16.914
,,,16.383
,,,14.105
,,,11.451
,,,10.732
,,,10.213
,,,9.692
,,,9.203
,,,8.823
,,,8.57
,,,8.337
,,,8.009
,,,7.642
,,,7.363
,,,7.259
,,,7.286
,,,7.336
,,,8.438
,,,10.855
,,,12.752
,,,14.503
,,,15.862
,,,16.787
,,,17.285
,,,17.283
,,,16.775
,,,14.918
,,,13.242
,,,13.262
,,,12.48
,,,11.336
,,,10.613
,,,10.123
,,,9.351
,,,8.231
,,,6.967
,,,5.788
,,,5.017
,,,4.435
,,,4.094
,,,3.9
,,,4.527
,,,6.123
,,,8.631
,,,10.951
,,,12.019
,,,12.713
,,,13.058
,,,12.957
,,,12.267
,,,9.591
,,,6.911
,,,6.845
,,,6.853
,,,6.199
,,,5.591
,,,5.222
,,,5.012
,,,4.899
,,,4.992
,,,5.411
,,,6.017
,,,6.35
,,,6.506
,,,6.635
,,,6.964
,,,7.911
,,,9.736
,,,11.901
,,,13.71
,,,14.85
,,,15.397
,,,15.433
,,,14.983
,,,13.522
,,,11.697
,,,11.076
,,,10.387
,,,9.779
,,,9.386
,,,9.116
,,,9.007
,,,9.013
,,,9.048
,,,9.006
,,,8.882
,,,8.596
,,,8.259
,,,7.741
,,,7.932
,,,9.301
,,,10.778
,,,12.388
,,,13.89
,,,14.854
,,,15.123
,,,14.987
,,,14.174
,,,11.102
,,,8.314
,,,7.553
,,,6.82
,,,6.072
,,,5.537
,,,5.587
,,,6.012
,,,6.539
,,,6.76
,,,6.98
,,,7.257
,,,7.447
,,,7.553
,,,7.62
,,,7.855
,,,8.511
,,,9.197
,,,9.88
,,,10.923
,,,12.073
,,,12.74
,,,12.766
,,,12.176
,,,10.299
,,,8.966
,,,8.772
,,,8.483
,,,8.222
,,,8.088
,,,7.749
,,,7.504
,,,7.57
,,,7.454
,,,7.722
,,,7.924
,,,7.982
,,,7.931
,,,7.838
,,,7.406
,,,7.313
,,,8.149
,,,9.098
,,,9.312
,,,9.103
,,,8.849
,,,8.537
,,,8.034
,,,7.106
,,,5.901
,,,5.102
,,,4.517
,,,4.018
,,,3.653
,,,3.453
,,,3.363
,,,3.241
,,,2.899
,,,2.368
,,,1.939
,,,1.694
,,,1.132
,,,1.131
,,,0.854
,,,1.991
,,,3.519
,,,4.581
,,,5.269
,,,5.907
,,,5.958
,,,5.319
,,,4.314
,,,3.313
,,,2.884
,,,3.012
,,,3.091
,,,2.902
,,,2.417
,,,1.987
,,,2.011
,,,2.497
,,,3.171
,,,3.907
,,,4.292
,,,4.296
,,,3.967
,,,3.652
,,,3.497
,,,4.031
,,,5.339
,,,7.029
,,,8.477
,,,9.245
,,,9.461
,,,9.132
,,,8.259
,,,6.578
,,,4.753
,,,3.672
,,,2.857
,,,2.184
,,,1.871
,,,2.074
,,,2.034
,,,2.062
,,,2.002
,,,2.012
,,,1.6
,,,1.504
,,,1.137
,,,0.984
,,,0.883
,,,1.784
,,,3.604
,,,5.994
,,,7.434
,,,8.031
,,,8.211
,,,7.914
,,,7.194
,,,4.889
,,,3.172
,,,2.721
,,,2.089
,,,1.57
,,,1.109
,,,0.99
,,,1.421
,,,1.687
,,,1.546
,,,1.413
,,,1.421
,,,1.621
,,,1.776
,,,1.851
,,,1.984
,,,2.173
,,,2.803
,,,3.837
,,,5.065
,,,6.386
,,,7.414
,,,7.864
,,,7.461
,,,5.088
,,,3.09
,,,2.66
,,,2.155
,,,1.517
,,,0.837
,,,0.262
,,,0.103
,,,-0.29
,,,-0.945
,,,-1.363
,,,-1.496
,,,-1.015
,,,-0.945
,,,-1.066
,,,-0.529
,,,2.99
,,,5.778
,,,8.628
,,,11.249
,,,12.251
,,,12.383
,,,12.017
,,,11.034
,,,8.97
,,,7.831
,,,7.417
,,,7.029
,,,6.925
,,,7.073
,,,7.469
,,,7.721
,,,7.869
,,,8.102
,,,8.091
,,,7.892
,,,7.574
,,,7.38
,,,7.22
,,,7.194
,,,8.045
,,,8.738
,,,8.785
,,,8.724
,,,8.708
,,,8.985
,,,9.282
,,,8.962
,,,6.409
,,,4.539
,,,3.997
,,,3.086
,,,2.36
,,,1.808
,,,1.368
,,,0.983
,,,0.793
,,,1.088
,,,1.494
,,,1.89
,,,1.95
,,,1.799
,,,1.691
,,,1.644
,,,2.357
,,,3.934
,,,6.485
,,,9.191
,,,10.183
,,,10.556
,,,10.405
,,,9.066
,,,5.802
,,,4.636
,,,4.339
,,,3.866
,,,3.403
,,,3.287
,,,3.103
,,,3.271
,,,3.504
,,,3.81
,,,4.062
,,,4.477
,,,5.194
,,,5.767
,,,6.418
,,,7.105
,,,8.275
,,,10.052
,,,11.859
,,,12.67
,,,12.8
,,,12.516
,,,12.017
,,,11.382
,,,10.412
,,,9.353
,,,8.554
,,,8.122
,,,7.914
,,,7.763
,,,7.777
,,,7.813
,,,7.955
,,,8.136
,,,8.347
,,,8.421
,,,8.627
,,,8.873
,,,8.999
,,,9.101
,,,9.345
,,,9.905
,,,10.713
,,,11.543
,,,12.067
,,,12.22
,,,12.099
,,,11.471
,,,9.19
,,,7.732
,,,7.375
,,,7.209
,,,7.218
,,,7.305
,,,7.425
,,,7.398
,,,7.302
,,,7.278
,,,7.351
,,,7.427
,,,7.474
,,,7.557
,,,7.684
,,,7.84
,,,8.321
,,,9.166
,,,10.21
,,,11.377
,,,12.602
,,,13.33
,,,13.414
,,,12.626
,,,10.932
,,,10.158
,,,9.846
,,,9.618
,,,9.44
,,,9.245
,,,9.098
,,,8.872
,,,8.415
,,,8.275
,,,8.524
,,,8.859
,,,9.271
,,,9.756
,,,9.867
,,,9.96
,,,10.916
,,,12.127
,,,13.326
,,,14.156
,,,14.557
,,,14.588
,,,14.549
,,,13.91
,,,12.505
,,,11.581
,,,11.429
,,,11.484
,,,11.586
,,,11.559
,,,11.399
,,,11.301
,,,11.29
,,,11.223
,,,10.994
,,,10.713
,,,10.52
,,,10.428
,,,10.6
,,,10.915
,,,11.482
,,,12.206
,,,12.785
,,,13.184
,,,13.406
,,,13.114
,,,12.534
,,,11.658
,,,10.499
,,,9.587
,,,8.897
,,,8.108
,,,7.55
,,,7.243
,,,6.82
,,,6.247
,,,5.66
,,,5.236
,,,4.881
,,,4.799
,,,5.325
,,,6.078
,,,6.584
,,,6.813
,,,7.712
,,,9.253
,,,10.995
,,,12.241
,,,12.874
,,,12.896
,,,12.371
,,,11.212
,,,8.986
,,,7.585
,,,6.966
,,,6.607
,,,6.758
,,,6.908
,,,7.11
,,,7.027
,,,6.776
,,,6.379
,,,6.506
,,,6.767
,,,6.957
,,,7.109
,,,7.153
,,,7.304
,,,8.185
,,,9.498
,,,11.203
,,,12.135
,,,12.358
,,,12.543
,,,11.843
,,,11.079
,,,10.593
,,,10.376
,,,10.17
,,,9.819
,,,9.437
,,,9.078
,,,9.233
,,,10.231
,,,10.939
,,,10.555
,,,10.004
,,,9.715
,,,9.054
,,,8.492
,,,8.18
,,,8.01
,,,8.56
,,,9.66
,,,10.887
,,,11.502
,,,11.769
,,,11.813
,,,11.49
,,,10.808
,,,9.926
,,,9.488
,,,9.562
,,,9.731
,,,9.602
,,,8.913
,,,8.389
,,,8.149
,,,7.993
,,,7.894
,,,7.794
,,,7.538
,,,7.581
,,,8.038
,,,8.692
,,,9.047
,,,9.492
,,,9.832
,,,10.025
,,,10.658
,,,11.635
,,,12.191
,,,12.11
,,,11.134
,,,8.951
,,,8.299
,,,7.936
,,,7.397
,,,7.536
,,,7.682
,,,7.796
,,,8.018
,,,8.201
,,,8.47
,,,8.671
,,,8.714
,,,8.716
,,,8.699
,,,8.674
,,,8.594
,,,9.056
,,,10.242
,,,11.584
,,,12.6
,,,13.133
,,,13.247
,,,12.819
,,,11.757
,,,10.413
,,,9.629
,,,9.029
,,,8.624
,,,8.502
,,,8.374
,,,8.303
,,,8.321
,,,8.4
,,,8.328
,,,8.096
,,,7.83
,,,7.642
,,,7.317
,,,6.997
,,,6.751
,,,7.211
,,,8.223
,,,9.691
,,,11.341
,,,12.319
,,,12.49
,,,12.133
,,,10.923
,,,8.6
,,,8.923
,,,8.892
,,,8.747
,,,8.655
,,,8.389
,,,8.536
,,,8.783
,,,8.734
,,,8.62
,,,8.575
,,,8.754
,,,8.84
,,,8.83
,,,8.665
,,,8.586
,,,9.105
,,,10.353
,,,11.634
,,,12.547
,,,13.154
,,,13.341
,,,12.988
,,,11.656
,,,8.916
,,,8.012
,,,7.564
,,,7.505
,,,7.978
,,,8.5
,,,8.925
,,,9.496
,,,9.757
,,,9.64
,,,9.687
,,,9.779
,,,9.611
,,,9.079
,,,8.597
,,,8.021
,,,8.936
,,,10.992
,,,12.46
,,,13.686
,,,14.455
,,,14.759
,,,14.483
,,,13.543
,,,11.856
,,,11.146
,,,10.685
,,,10.46
,,,10.362
,,,10.338
,,,10.237
,,,10.448
,,,10.489
,,,10.344
,,,10.207
,,,10.265
,,,10.408
,,,10.492
,,,10.514
,,,10.509
,,,10.701
,,,11.008
,,,11.417
,,,11.84
,,,12.119
,,,12.212
,,,11.987
,,,11.261
,,,10.137
,,,9.782
,,,9.542
,,,9.246
,,,8.948
,,,8.655
,,,8.269
,,,7.921
,,,7.688
,,,7.385
,,,7.083
,,,6.914
,,,6.691
,,,6.474
,,,6.319
,,,6.078
,,,6.065
,,,6.559
,,,7.422
,,,8.562
,,,9.623
,,,10.173
,,,10.071
,,,8.798
,,,6.425
,,,5.906
,,,5.135
,,,4.514
,,,4.54
,,,4.657
,,,4.588
,,,4.185
,,,4.389
,,,3.784
,,,4.145
,,,4.092
,,,3.568
,,,3.822
,,,3.46
,,,3.351
,,,3.718
,,,5.047
,,,6.934
,,,8.824
,,,9.978
,,,10.427
,,,10.144
,,,8.65
,,,6.216
,,,5.211
,,,4.392
,,,3.734
,,,3.364
,,,3.3
,,,3.281
,,,2.878
,,,2.463
,,,2.168
,,,2.324
,,,3.085
,,,3.883
,,,4.542
,,,4.597
,,,4.397
,,,4.62
,,,5.733
,,,6.882
,,,7.602
,,,7.964
,,,8.041
,,,7.606
,,,6.544
,,,5.1
,,,4.22
,,,3.806
,,,3.739
,,,3.66
,,,3.522
,,,3.341
,,,2.921
,,,2.546
,,,2.154
,,,1.859
,,,1.727
,,,1.685
,,,1.615
,,,1.692
,,,1.717
,,,2.388
,,,3.397
,,,4.142
,,,4.447
,,,4.303
,,,4.066
,,,3.899
,,,3.47
,,,2.679
,,,2.377
,,,2.297
,,,2.194
,,,2.043
,,,2.063
,,,2.176
,,,2.149
,,,2.005
,,,1.898
,,,1.829
,,,1.666
,,,1.427
,,,1.251
,,,1.137
,,,0.891
,,,1.553
,,,2.711
,,,3.841
,,,4.735
,,,5.455
,,,5.797
,,,5.674
,,,4.995
,,,4.07
,,,3.434
,,,2.548
,,,1.707
,,,0.912
,,,0.121
,,,-0.611
,,,-1.252
,,,-1.752
,,,-2.09
,,,-2.066
,,,-1.554
,,,-1.306
,,,-1.311
,,,-1.359
,,,-1.363
,,,-0.913
,,,-0.131
,,,0.792
,,,1.96
,,,3.274
,,,3.887
,,,4.102
,,,3.892
,,,3.429
,,,3.255
,,,2.918
,,,2.806
,,,2.58
,,,2.528
,,,2.427
,,,2.358
,,,2.245
,,,2.219
,,,2.28
,,,2.411
,,,2.659
,,,2.88
,,,3.134
,,,3.441
,,,3.881
,,,4.616
,,,5.46
,,,6.243
,,,6.869
,,,7.176
,,,7.159
,,,6.895
,,,6.63
,,,6.593
,,,6.619
,,,6.612
,,,6.549
,,,6.363
,,,6.313
,,,6.233
,,,6.144
,,,6.161
,,,6.362
,,,6.499
,,,6.508
,,,6.435
,,,6.247
,,,6.164
,,,6.171
,,,6.312
,,,6.72
,,,7.426
,,,8.112
,,,8.423
,,,8.316
,,,7.772
,,,7.129
,,,6.79
,,,6.492
,,,6.154
,,,5.792
,,,5.373
,,,5.016
,,,4.732
,,,4.652
,,,4.721
,,,4.693
,,,4.626
,,,4.538
,,,4.452
,,,4.46
,,,4.407
,,,4.456
,,,5.01
,,,5.888
,,,6.755
,,,7.108
,,,7.243
,,,6.997
,,,6.233
,,,5.227
,,,4.855
,,,4.45
,,,3.642
,,,3.143
,,,3.274
,,,3.305
,,,3.228
,,,3.161
,,,3.01
,,,2.922
,,,2.917
,,,2.967
,,,2.897
,,,2.822
,,,2.768
,,,2.837
,,,3.306
,,,4.141
,,,5.263
,,,6.085
,,,6.64
,,,6.606
,,,5.369
,,,4.021
,,,4.004
,,,4.093
,,,3.745
,,,3.45
,,,3.015
,,,2.683
,,,2.813
,,,2.7
,,,2.523
,,,2.345
,,,2.205
,,,2.061
,,,1.888
,,,1.769
,,,1.739
,,,1.844
,,,2.307
,,,3.164
,,,4.149
,,,5.109
,,,5.992
,,,6.684
,,,7.298
,,,7.764
,,,8.39
,,,9.073
,,,8.985
,,,8.263
,,,7.386
,,,6.479
,,,6.139
,,,5.919
,,,5.941
,,,6.21
,,,6.622
,,,7.329
,,,8.987
,,,10.593
,,,11.345
,,,11.623
,,,11.984
,,,12.334
,,,12.528
,,,12.517
,,,12.448
,,,12.397
,,,12.488
,,,12.607
,,,12.615
,,,12.115
,,,11.379
,,,10.594
,,,9.773
,,,9.311
,,,9.314
,,,9.682
,,,10.208
,,,10.749
,,,11.152
,,,11.315
,,,11.439
,,,11.555
,,,11.356
,,,11.426
,,,11.604
,,,11.557
,,,11.714
,,,10.834
,,,10.148
,,,10.116
,,,9.682
,,,9.329
,,,9.247
,,,8.96
,,,8.679
,,,8.667
,,,8.672
,,,8.46
,,,8.268
,,,8.17
,,,7.978
,,,7.715
,,,7.334
,,,6.998
,,,6.83
,,,6.74
,,,6.618
,,,6.638
,,,7.13
,,,7.997
,,,9.068
,,,9.645
,,,9.715
,,,9.274
,,,7.983
,,,6.591
,,,5.932
,,,5.608
,,,5.751
,,,5.761
,,,5.632
,,,5.501
,,,5.457
,,,5.44
,,,5.383
,,,5.57
,,,5.742
,,,6.042
,,,6.577
,,,7.12
,,,7.67
,,,8.271
,,,8.648
,,,9.027
,,,9.797
,,,11.046
,,,12.332
,,,12.395
,,,11.314
,,,10.57
,,,10.481
,,,10.472
,,,10.261
,,,10.212
,,,10.194
,,,10.025
,,,9.884
,,,9.866
,,,9.63
,,,9.965
,,,10.451
,,,11.037
,,,11.506
,,,11.589
,,,11.356
,,,11.132
,,,11.313
,,,11.738
,,,12.232
,,,12.526
,,,12.49
,,,12.36
,,,12.282
,,,12.184
,,,12.015
,,,11.431
,,,11.284
,,,11.278
,,,11.288
,,,11.11
,,,10.86
,,,10.587
,,,10.06
,,,9.436
,,,9.123
,,,9.028
,,,9.059
,,,9.108
,,,9.313
,,,9.587
,,,10.093
,,,10.764
,,,11.416
,,,11.774
,,,11.698
,,,11.135
,,,9.961
,,,8.785
,,,7.877
,,,7.045
,,,6.039
,,,5.498
,,,5.006
,,,4.253
,,,3.927
,,,3.626
,,,3.423
,,,3.297
,,,3.105
,,,2.933
,,,2.855
,,,2.789
,,,2.655
,,,2.585
,,,2.858
,,,3.518
,,,4.792
,,,5.913
,,,6.319
,,,6.034
,,,4.709
,,,4.161
,,,4.082
,,,3.923
,,,3.958
,,,4.052
,,,4.141
,,,4.019
,,,4.121
,,,4.257
,,,4.524
,,,5.049
,,,5.826
,,,6.681
,,,7.674
,,,8.553
,,,9.227
,,,9.708
,,,10.397
,,,11.016
,,,11.441
,,,11.524
,,,11.499
,,,11.434
,,,11.254
,,,11.285
,,,11.202
,,,10.967
,,,10.625
,,,10.053
,,,10.056
,,,10.121
,,,9.912
,,,9.533
,,,9.57
,,,9.543
,,,8.958
,,,8.788
,,,9.192
,,,9.529
,,,9.807
,,,9.936
,,,10.315
,,,10.515
,,,10.655
,,,10.688
,,,10.851
,,,11.207
,,,11.375
,,,11.344
,,,11.263
,,,11.085
,,,11.057
,,,11.143
,,,11.233
,,,11.343
,,,11.334
,,,11.352
,,,11.467
,,,11.575
,,,11.599
,,,11.525
,,,11.422
,,,11.295
,,,11.256
,,,11.144
,,,10.378
,,,8.281
,,,8.106
,,,8.438
,,,8.285
,,,7.832
,,,7.075
,,,6.268
,,,6.064
,,,6.308
,,,6.052
,,,5.655
,,,5.796
,,,6.329
,,,6.611
,,,6.759
,,,6.975
,,,7.157
,,,7.316
,,,7.547
,,,7.67
,,,7.546
,,,7.302
,,,7.275
,,,7.815
,,,8.634
,,,9.422
,,,9.859
,,,9.898
,,,10.201
,,,10.664
,,,10.466
,,,9.485
,,,8.458
,,,8.13
,,,7.938
,,,7.623
,,,7.372
,,,7.34
,,,7.4
,,,7.394
,,,7.412
,,,7.67
,,,8.121
,,,8.409
,,,8.3
,,,8.014
,,,7.799
,,,7.714
,,,8.012
,,,8.613
,,,9.16
,,,9.345
,,,8.93
,,,7.992
,,,7.307
,,,6.861
,,,6.338
,,,5.833
,,,5.528
,,,5.454
,,,5.442
,,,5.531
,,,5.508
,,,5.265
,,,5.249
,,,5.127
,,,4.815
,,,4.582
,,,4.778
,,,5.042
,,,5.112
,,,5.436
,,,6.233
,,,7.306
,,,8.115
,,,8.358
,,,7.798
,,,5.457
,,,3.736
,,,3.338
,,,3.293
,,,3.129
,,,3.094
,,,3.15
,,,3.178
,,,3.166
,,,3.14
,,,3.284
,,,3.46
,,,3.657
,,,3.635
,,,3.603
,,,3.508
,,,3.455
,,,3.529
,,,4.053
,,,4.915
,,,6.082
,,,7.103
,,,7.516
,,,7.073
,,,5.254
,,,4.556
,,,4.819
,,,5.043
,,,5.249
,,,5.281
,,,5.304
,,,5.306
,,,5.327
,,,5.278
,,,5.219
,,,5.185
,,,5.183
,,,5.121
,,,5.037
,,,4.947
,,,4.786
,,,4.811
,,,5.316
,,,5.929
,,,6.427
,,,6.622
,,,6.405
,,,5.886
,,,4.863
,,,3.759
,,,2.674
,,,1.507
,,,0.568
,,,0.165
,,,0.058
,,,-0.176
,,,-0.214
,,,-0.114
,,,0.059
,,,0.155
,,,0.024
,,,0.098
,,,-0.012
,,,0.085
,,,-0.138
,,,-0.05
,,,0.418
,,,1.624
,,,3.042
,,,4.025
,,,4.25
,,,3.662
,,,2.012
,,,0.243
,,,-0.455
,,,-1.307
,,,-2.163
,,,-2.752
,,,-3.09
,,,-3.088
,,,-2.95
,,,-2.98
,,,-3.174
,,,-3.259
,,,-3.332
,,,-3.318
,,,-3.377
,,,-3.192
,,,-3.092
,,,-2.862
,,,-1.069
,,,0.264
,,,1.587
,,,2.637
,,,2.648
,,,1.311
,,,-1.26
,,,-2.477
,,,-2.453
,,,-2.403
,,,-2.406
,,,-2.131
,,,-1.471
,,,-1.198
,,,-1.399
,,,-1.792
,,,-1.523
,,,-1.203
,,,-1.286
,,,-1.124
,,,-0.904
,,,-0.652
,,,-0.425
,,,-0.145
,,,0.128
,,,0.46
,,,0.857
,,,1.179
,,,1.431
,,,1.782
,,,2.341
,,,2.917
,,,3.32
,,,4.357
,,,6.42
,,,6.17
,,,5.141
,,,4.633
,,,4.32
,,,4.093
,,,3.973
,,,3.534
,,,3.3
,,,3.328
,,,3.287
,,,3.066
,,,2.83
,,,2.676
,,,3.074
,,,4.004
,,,4.832
,,,5.395
,,,5.778
,,,5.872
,,,5.822
,,,5.744
,,,5.96
,,,5.99
,,,5.786
,,,5.514
,,,5.354
,,,5.568
,,,5.442
,,,4.918
,,,4.147
,,,3.624
,,,3.399
,,,3.408
,,,3.471
,,,3.408
,,,3.326
,,,3.346
,,,3.953
,,,4.972
,,,5.864
,,,6.764
,,,7.278
,,,7.426
,,,6.809
,,,6.487
,,,6.753
,,,6.854
,,,6.954
,,,7.138
,,,7.335
,,,7.556
,,,7.665
,,,7.666
,,,8.001
,,,8.373
,,,8.63
,,,8.705
,,,8.496
,,,8.124
,,,7.774
,,,7.549
,,,7.598
,,,7.837
,,,7.981
,,,7.974
,,,7.843
,,,7.613
,,,7.335
,,,6.947
,,,6.541
,,,6.576
,,,6.942
,,,7.144
,,,6.872
,,,6.322
,,,5.621
,,,5.308
,,,5.334
,,,5.434
,,,5.576
,,,5.754
,,,5.901
,,,6.28
,,,6.577
,,,6.615
,,,6.255
,,,5.939
,,,6.091
,,,6.91
,,,7.64
,,,7.468
,,,6.647
,,,6.283
,,,6.218
,,,6.241
,,,6.308
,,,6.431
,,,6.416
,,,6.318
,,,6.096
,,,5.864
,,,5.669
,,,5.561
,,,5.58
,,,5.71
,,,5.86
,,,6.096
,,,6.322
,,,6.468
,,,6.9
,,,7.488
,,,8.069
,,,8.472
,,,8.531
,,,8.158
,,,7.604
,,,7.177
,,,6.869
,,,6.552
,,,6.116
,,,6.02
,,,6.418
,,,7.16
,,,7.437
,,,7.771
,,,8.365
,,,9.001
,,,9.709
,,,10.442
,,,11.203
,,,11.385
,,,10.929
,,,10.201
,,,9.595
,,,9.285
,,,9.343
,,,9.459
,,,9.39
,,,9.182
,,,8.768
,,,7.951
,,,7.189
,,,6.832
,,,7.083
,,,7.191
,,,7.467
,,,7.899
,,,8.413
,,,8.386
,,,7.979
,,,7.553
,,,7.335
,,,7.308
,,,7.303
,,,7.208
,,,6.894
,,,6.226
,,,6.696
,,,7.67
,,,8.75
,,,9.573
,,,9.809
,,,9.285
,,,8.011
,,,6.758
,,,6.464
,,,6.379
,,,6.24
,,,6.212
,,,6.218
,,,6.252
,,,6.243
,,,6.281
,,,6.326
,,,6.402
,,,6.513
,,,6.554
,,,6.55
,,,6.819
,,,7.409
,,,8.138
,,,8.865
,,,9.763
,,,10.379
,,,10.612
,,,10.548
,,,10.226
,,,9.502
,,,8.526
,,,7.817
,,,7.092
,,,6.408
,,,5.951
,,,5.69
,,,5.506
,,,5.28
,,,5.137
,,,4.985
,,,4.889
,,,4.806
,,,4.639
,,,4.483
,,,4.463
,,,4.257
,,,4.119
,,,4.305
,,,4.652
,,,5.071
,,,5.41
,,,5.512
,,,5.252
,,,4.51
,,,4.095
,,,3.953
,,,3.872
,,,3.978
,,,4.02
,,,3.923
,,,3.742
,,,3.86
,,,3.977
,,,4.041
,,,4.111
,,,4.102
,,,4.093
,,,4.163
,,,4.316
,,,4.473
,,,4.586
,,,5.42
,,,6.52
,,,7.632
,,,8.348
,,,8.587
,,,8.308
,,,7.602
,,,7.302
,,,7.278
,,,7.176
,,,7.045
,,,7.032
,,,7.073
,,,7.141
,,,7.122
,,,6.988
,,,6.881
,,,6.818
,,,6.745
,,,6.503
,,,6.257
,,,6.123
,,,5.953
,,,6.005
,,,6.655
,,,7.081
,,,7.657
,,,8.284
,,,8.775
,,,8.617
,,,7.328
,,,6.393
,,,6.272
,,,6.036
,,,5.664
,,,5.256
,,,5.189
,,,5.083
,,,4.88
,,,4.647
,,,4.433
,,,4.314
,,,4.179
,,,4.028
,,,3.776
,,,3.536
,,,3.476
,,,3.52
,,,4.174
,,,5.07
,,,5.764
,,,6.46
,,,6.776
,,,6.383
,,,5.27
,,,4.621
,,,4.409
,,,4.334
,,,4.287
,,,4.258
,,,4.465
,,,4.618
,,,4.761
,,,4.877
,,,4.921
,,,4.945
,,,4.979
,,,4.978
,,,4.899
,,,4.786
,,,4.838
,,,5.012
,,,5.363
,,,5.948
,,,7.004
,,,8.08
,,,8.403
,,,8.021
,,,6.745
,,,6.44
,,,6.684
,,,6.671
,,,6.672
,,,7.052
,,,7.464
,,,7.557
,,,7.758
,,,7.859
,,,7.821
,,,7.531
,,,7.202
,,,7.172
,,,7.206
,,,7.25
,,,7.259
,,,7.5
,,,8.403
,,,9.381
,,,10.269
,,,11.015
,,,11.321
,,,11.214
,,,10.875
,,,10.445
,,,10.107
,,,9.623
,,,8.775
,,,7.555
,,,6.508
,,,5.853
,,,5.662
,,,5.764
,,,5.989
,,,6.342
,,,6.918
,,,7.301
,,,7.461
,,,7.444
,,,7.188
,,,7.309
,,,8.119
,,,8.811
,,,9.457
,,,9.888
,,,9.857
,,,9.447
,,,8.201
,,,6.777
,,,6.165
,,,5.741
,,,5.499
,,,5.574
,,,5.574
,,,5.512
,,,5.582
,,,5.561
,,,5.614
,,,5.88
,,,6.042
,,,6.204
,,,6.395
,,,6.258
,,,5.848
,,,5.796
,,,6.883
,,,7.725
,,,8.325
,,,8.583
,,,8.579
,,,8.328
,,,7.869
,,,7.398
,,,7.277
,,,7.265
,,,7.206
,,,7.008
,,,6.707
,,,6.421
,,,6.135
